title,views,link,thumbnail_link
"Trying to enter ""Mini-America"" of Africa! ğŸ‡¸ğŸ‡±ğŸ‡±ğŸ‡·",296K views,/watch?v=11Uj4QTYriA,https://i.ytimg.com/vi/11Uj4QTYriA/hqdefault.jpg
Confronted by Locals in Sierra Leone! ğŸ‡¸ğŸ‡±,374K views,/watch?v=shwLKL7Wd6k,https://i.ytimg.com/vi/shwLKL7Wd6k/hqdefault.jpg
Crazy Bus Journeys of Sierra Leone: Freetown to Bo! ğŸ‡¸ğŸ‡±,457K views,/watch?v=ZTmf6eo55NM,https://i.ytimg.com/vi/ZTmf6eo55NM/hqdefault.jpg
How INDIA HELPED AFRICANS? ğŸ‡®ğŸ‡³â¤ï¸ğŸ‡¸ğŸ‡±,677K views,/watch?v=_cOCJui_k7M,https://i.ytimg.com/vi/_cOCJui_k7M/hqdefault.jpg
Country of Blood Diamond & Freed Slaves: Sierra Leone! ğŸ‡¸ğŸ‡± (My favourite country in West Africa!),505K views,/watch?v=F86RIjVaIFc,https://i.ytimg.com/vi/F86RIjVaIFc/hqdefault.jpg
Overwhelmed by the PEOPLE of Sierra Leone! ğŸ‡¸ğŸ‡±,723K views,/watch?v=jVrFcl_23OY,https://i.ytimg.com/vi/jVrFcl_23OY/hqdefault.jpg
Traveling to the Country of Diamond Mines! ğŸ’ğŸ‡¸ğŸ‡±,846K views,/watch?v=hXm8RkTsZZU,https://i.ytimg.com/vi/hXm8RkTsZZU/hqdefault.jpg
FREE Europe Trip for Cancelled Flight! ğŸ‡§ğŸ‡ªğŸ‡¨ğŸ‡­ğŸ‡¸ğŸ‡±,566K views,/watch?v=uhgI_KudGOQ,https://i.ytimg.com/vi/uhgI_KudGOQ/hqdefault.jpg
Flying back to India after Visiting 81 Countries!,503K views,/watch?v=np7fn2huStw,https://i.ytimg.com/vi/np7fn2huStw/hqdefault.jpg
Why no one visits this country in West Africa? ğŸ‡¬ğŸ‡³,480K views,/watch?v=EB4qZXmbEUI,https://i.ytimg.com/vi/EB4qZXmbEUI/hqdefault.jpg
Flying to West Africa's Least Visited Country: Guinea! ğŸ‡¬ğŸ‡³,915K views,/watch?v=ikTgov1iC7c,https://i.ytimg.com/vi/ikTgov1iC7c/hqdefault.jpg
Fight b/w Passengers & Airport Staff in Africa: Bissau to Dakar! ğŸ‡¬ğŸ‡¼ğŸ‡¸ğŸ‡³,888K views,/watch?v=bjb35e6cMB0,https://i.ytimg.com/vi/bjb35e6cMB0/hqdefault.jpg
Portuguese Country in Africa with NO Electricity: GUINEA BISSAU! ğŸ‡¬ğŸ‡¼,1M views,/watch?v=uSjXd6GrNqU,https://i.ytimg.com/vi/uSjXd6GrNqU/hqdefault.jpg
Exposing the WORST Border-Crossings of West-Africa!,1.1M views,/watch?v=Bb9SJSEDKuk,https://i.ytimg.com/vi/Bb9SJSEDKuk/hqdefault.jpg
"Local Markets of Mainland Africa's SMALLEST Country, the Gambia! ğŸ‡¬ğŸ‡²",733K views,/watch?v=Qxjm8wCg5tQ,https://i.ytimg.com/vi/Qxjm8wCg5tQ/hqdefault.jpg
Life in Gambia: Africaâ€™s Smiling Coast! ğŸ‡¬ğŸ‡²,617K views,/watch?v=S3sfAW37rQA,https://i.ytimg.com/vi/S3sfAW37rQA/hqdefault.jpg
Inside the Dark Reality of Gambia's S*x Tourism! ğŸ‡¬ğŸ‡²,5.4M views,/watch?v=e9DqHA94cRQ,https://i.ytimg.com/vi/e9DqHA94cRQ/hqdefault.jpg
Traveling to Smiling Coast of Africa: The Gambia!ğŸ‡¬ğŸ‡²,508K views,/watch?v=EnvJWvOuUBI,https://i.ytimg.com/vi/EnvJWvOuUBI/hqdefault.jpg
"Bizarre Nightlife of Bamako, Mali! ğŸ‡²ğŸ‡±",706K views,/watch?v=5K5fSFpsu3U,https://i.ytimg.com/vi/5K5fSFpsu3U/hqdefault.jpg
INSIDE THE JIHAD-CRISIS OF MALI (AFRICA)! ğŸ‡²ğŸ‡±,511K views,/watch?v=dpZCGRo5Ucw,https://i.ytimg.com/vi/dpZCGRo5Ucw/hqdefault.jpg
Inside the Shocking VOODOO Market of Mali! ğŸ‡²ğŸ‡±,1.8M views,/watch?v=YuRhYVfwZ9A,https://i.ytimg.com/vi/YuRhYVfwZ9A/hqdefault.jpg
Flying to the MOST CORRUPT Country in AFRICA! ğŸ‡²ğŸ‡±,964K views,/watch?v=M82B4Ebgw7Q,https://i.ytimg.com/vi/M82B4Ebgw7Q/hqdefault.jpg
Inside Cape Verde's Oldest Settlement: Cidade Velha! ğŸ‡¨ğŸ‡»,518K views,/watch?v=0rztaqrzHpg,https://i.ytimg.com/vi/0rztaqrzHpg/hqdefault.jpg
Country of Mixed Europeans in Africa: Cape Verde! ğŸ‡¨ğŸ‡»,906K views,/watch?v=a9UZGQALvnA,https://i.ytimg.com/vi/a9UZGQALvnA/hqdefault.jpg
Flying to Country of Most Beautiful People: Cabo Verde! ğŸ‡¨ğŸ‡»,1.2M views,/watch?v=FzJ-poGOkp0,https://i.ytimg.com/vi/FzJ-poGOkp0/hqdefault.jpg
"Inside Africa's Most Expensive City: Dakar, Senegal! ğŸ‡¸ğŸ‡³",768K views,/watch?v=MQtxK5FuKO4,https://i.ytimg.com/vi/MQtxK5FuKO4/hqdefault.jpg
Traveling to Africa's Most Expensive City! Mauritania to Senegal by Land! ğŸ‡²ğŸ‡·ğŸ‡¸ğŸ‡³,648K views,/watch?v=USkKIxlX5KE,https://i.ytimg.com/vi/USkKIxlX5KE/hqdefault.jpg
"Life in Africa's STRANGEST Capital: Nouakchott, Mauritania! ğŸ‡²ğŸ‡·",694K views,/watch?v=jSdxCmc_TuQ,https://i.ytimg.com/vi/jSdxCmc_TuQ/hqdefault.jpg
Extreme Journey in Africa's Sahara Desert! ğŸ‡²ğŸ‡· Choum to Nouakchott,897K views,/watch?v=jn4by1d11yk,https://i.ytimg.com/vi/jn4by1d11yk/hqdefault.jpg
Scariest Border-Crossing with Landmines in Sahara Desert! ğŸ‡²ğŸ‡¦ğŸ‡²ğŸ‡·,1.5M views,/watch?v=GgtMLzFt9P0,https://i.ytimg.com/vi/GgtMLzFt9P0/hqdefault.jpg
Almost DIED on the World's Worst Train in Sahara Desert! ğŸ‡²ğŸ‡·,3.4M views,/watch?v=wjWcdOusmC8,https://i.ytimg.com/vi/wjWcdOusmC8/hqdefault.jpg
Surviving the World's Deadliest Train Journey in Sahara Desert! ğŸ‡²ğŸ‡·,2.4M views,/watch?v=B7C7kLR75ME,https://i.ytimg.com/vi/B7C7kLR75ME/hqdefault.jpg
First Impressions of Mauritania ğŸ‡²ğŸ‡· Indian YouTubers are BANNED here!,1.3M views,/watch?v=ArMnT4yzujk,https://i.ytimg.com/vi/ArMnT4yzujk/hqdefault.jpg
Inside Worldâ€™s Least Densely Populated Region: Western Sahara! (Dakhla) ğŸ‡²ğŸ‡¦,540K views,/watch?v=n2DbXWNYhxM,https://i.ytimg.com/vi/n2DbXWNYhxM/hqdefault.jpg
Traveling to an ISLAND in SAHARA DESERT!! ğŸ‡²ğŸ‡¦,546K views,/watch?v=gzCJi803m7c,https://i.ytimg.com/vi/gzCJi803m7c/hqdefault.jpg
"Inside Africaâ€™s Most DISPUTED Territory: Laayoune, Western Sahara! ğŸ‡²ğŸ‡¦",902K views,/watch?v=qsuu2roRE60,https://i.ytimg.com/vi/qsuu2roRE60/hqdefault.jpg
Visiting Africa's Most Disputed Territory: Western Sahara! ğŸ‡²ğŸ‡¦,534K views,/watch?v=sid9FzmPWlw,https://i.ytimg.com/vi/sid9FzmPWlw/hqdefault.jpg
Life in MOROCCO after the Earthquake! ğŸ‡²ğŸ‡¦,602K views,/watch?v=Oonn4e2OL1c,https://i.ytimg.com/vi/Oonn4e2OL1c/hqdefault.jpg
"Visiting the World's Biggest Beer festival: Oktoberfest, Germany! ğŸ‡©ğŸ‡ª",1.3M views,/watch?v=-9q-W4yH1GQ,https://i.ytimg.com/vi/-9q-W4yH1GQ/hqdefault.jpg
The DISAPPEARING Country: Marshall Islands! ğŸ‡²ğŸ‡­,848K views,/watch?v=jzBUL5i8-Ag,https://i.ytimg.com/vi/jzBUL5i8-Ag/hqdefault.jpg
"Visiting 5 Pacific Countries in 24 Hours by Plane! (Nauru, Marshall Islands, Kiribati, Micronesia)",455K views,/watch?v=gQ1CHeUfV3w,https://i.ytimg.com/vi/gQ1CHeUfV3w/hqdefault.jpg
Walking across an entire country on foot: Nauru! ğŸ‡³ğŸ‡·,500K views,/watch?v=HwcQCGCAhms,https://i.ytimg.com/vi/HwcQCGCAhms/hqdefault.jpg
Nauru: Spending 100 Hours in a Car! ğŸ‡³ğŸ‡·,522K views,/watch?v=vQgTiRDXeKQ,https://i.ytimg.com/vi/vQgTiRDXeKQ/hqdefault.jpg
How did World's Richest Country become the POOREST? ğŸ‡³ğŸ‡·,2.2M views,/watch?v=ViilO0CgdaE,https://i.ytimg.com/vi/ViilO0CgdaE/hqdefault.jpg
Traveling to World's MOST CORRUPT Country: NAURU (Richest to Poorest!) ğŸ‡³ğŸ‡·,1.2M views,/watch?v=MUXd1BXTQ-Y,https://i.ytimg.com/vi/MUXd1BXTQ-Y/hqdefault.jpg
Tonga Kingdom: Pacific's only Monarchy! ğŸ‡¹ğŸ‡´ Flying to Fiji ğŸ‡«ğŸ‡¯,513K views,/watch?v=8g22LD8fqcg,https://i.ytimg.com/vi/8g22LD8fqcg/hqdefault.jpg
Scariest Experience in Oceania's ONLY Monarchy: TONGA! ğŸ‡¹ğŸ‡´,2M views,/watch?v=lN7icHQDf8w,https://i.ytimg.com/vi/lN7icHQDf8w/hqdefault.jpg
Inside the World's Most OBESE Country: SAMOA! ğŸ‡¼ğŸ‡¸,646K views,/watch?v=Ho4vYsA8Z6g,https://i.ytimg.com/vi/Ho4vYsA8Z6g/hqdefault.jpg
Traveling to World's FATTEST Country: SAMOA! ğŸ‡¼ğŸ‡¸,1.2M views,/watch?v=9cnn2eObRbk,https://i.ytimg.com/vi/9cnn2eObRbk/hqdefault.jpg
Inside the Sinking ğŸ Country: TUVALU! ğŸ‡¹ğŸ‡» (World's Least Visited Nation!),2.3M views,/watch?v=62ezZfUxcLs,https://i.ytimg.com/vi/62ezZfUxcLs/hqdefault.jpg
Inside the World's LEAST Visited Country: TUVALU! ğŸ‡¹ğŸ‡»,1M views,/watch?v=4sW2yD-AcGI,https://i.ytimg.com/vi/4sW2yD-AcGI/hqdefault.jpg
Traveling to the LEAST VISITED COUNTRY IN THE WORLD! ğŸ‡¹ğŸ‡»,395K views,/watch?v=KKjrzzOA_vc,https://i.ytimg.com/vi/KKjrzzOA_vc/hqdefault.jpg
"FIJI: This Country is called ""MINI INDIA""!! How Fijians treat Indian Tourist? ğŸ‡«ğŸ‡¯ğŸ‡®ğŸ‡³",2M views,/watch?v=a49lAECjyQ4,https://i.ytimg.com/vi/a49lAECjyQ4/hqdefault.jpg
Traveling to Mini India: FIJI ğŸ‡«ğŸ‡¯ from VANUATU! ğŸ‡»ğŸ‡º,548K views,/watch?v=4iUbUlYnAJ8,https://i.ytimg.com/vi/4iUbUlYnAJ8/hqdefault.jpg
Traveling to VANUATU ğŸ‡»ğŸ‡º from SOLOMON ISLANDS! ğŸ‡¸ğŸ‡§,331K views,/watch?v=-B4RbpO-15c,https://i.ytimg.com/vi/-B4RbpO-15c/hqdefault.jpg
Traveling to Country of Earthquakes and NO Military: Solomon Islands! ğŸ‡¸ğŸ‡§,810K views,/watch?v=hXtu2bQIhp8,https://i.ytimg.com/vi/hXtu2bQIhp8/hqdefault.jpg
Inside The World's Worst Rated Capital City: Port Moresby ğŸ‡µğŸ‡¬,841K views,/watch?v=N1jCJvymaWs,https://i.ytimg.com/vi/N1jCJvymaWs/hqdefault.jpg
Inside World's Most Violent City: PORT MORESBY ğŸ‡µğŸ‡¬,1.6M views,/watch?v=5d0roL7Y47E,https://i.ytimg.com/vi/5d0roL7Y47E/hqdefault.jpg
"Traveling to World's Most Dangerous City: Port Moresby, Papua New Guinea! ğŸ‡µğŸ‡¬",1M views,/watch?v=dlzRnM78IKM,https://i.ytimg.com/vi/dlzRnM78IKM/hqdefault.jpg
Flying an Airplane across WORLD'S MOST SECRET COUNTRY! Palau ğŸ‡µğŸ‡¼,414K views,/watch?v=KzYzjl4KBPc,https://i.ytimg.com/vi/KzYzjl4KBPc/hqdefault.jpg
Inside the World's Most SECRET Country: Palau ğŸ‡µğŸ‡¼,748K views,/watch?v=mCRUJWmgOpk,https://i.ytimg.com/vi/mCRUJWmgOpk/hqdefault.jpg
Traveling to World's Most Hidden Country: Palau ğŸ‡µğŸ‡¼ | Paradise in Pacific,893K views,/watch?v=0xeMpkatiU4,https://i.ytimg.com/vi/0xeMpkatiU4/hqdefault.jpg
"Living in Desert with Arab Nomads in WADI RUM, JORDAN ğŸ‡¯ğŸ‡´",1.4M views,/watch?v=HdGtBOGIQRg,https://i.ytimg.com/vi/HdGtBOGIQRg/hqdefault.jpg
Living in a Car to Save Money in USA: A Day in the Life ğŸ‡ºğŸ‡¸,683K views,/watch?v=iMR2HIWh2i4,https://i.ytimg.com/vi/iMR2HIWh2i4/hqdefault.jpg
"NEVER DO THIS in MEDELLIN, Colombia! ğŸ‡¨ğŸ‡´",1.4M views,/watch?v=eB9U8eiatAQ,https://i.ytimg.com/vi/eB9U8eiatAQ/hqdefault.jpg
"Nightlife of MEDELLIN, COLOMBIA! ğŸ‡¨ğŸ‡´",1.6M views,/watch?v=Yzg78FkMDRM,https://i.ytimg.com/vi/Yzg78FkMDRM/hqdefault.jpg
"Deep Inside World's Most Notorious Hood: Comuna 13, Medellin ğŸ‡¨ğŸ‡´",1M views,/watch?v=8PEsIDwE8xQ,https://i.ytimg.com/vi/8PEsIDwE8xQ/hqdefault.jpg
Inside the Life & Prison of Colombia's Cartel King: PABLO ESCOBAR ğŸ‡¨ğŸ‡´,5.4M views,/watch?v=-FfqpB7B1eo,https://i.ytimg.com/vi/-FfqpB7B1eo/hqdefault.jpg
"Traveling to the City of Drugs, Crime and Women: Medellin, Colombia! ğŸ‡¨ğŸ‡´",616K views,/watch?v=Hs-N0vkgD1o,https://i.ytimg.com/vi/Hs-N0vkgD1o/hqdefault.jpg
Phone Snatching in Colombia's Capital: BOGOTA ğŸ‡¨ğŸ‡´ (BE CAREFUL!),1.2M views,/watch?v=vDhXDsqGRQ4,https://i.ytimg.com/vi/vDhXDsqGRQ4/hqdefault.jpg
Travelling to COLOMBIA! ğŸ‡¨ğŸ‡´ (First Day),486K views,/watch?v=mBUc3U5Jxpg,https://i.ytimg.com/vi/mBUc3U5Jxpg/hqdefault.jpg
Cheapest Country for Indians: DOMINICAN REPUBLIC ğŸ‡©ğŸ‡´ ?,642K views,/watch?v=WbN3XyjO7Mc,https://i.ytimg.com/vi/WbN3XyjO7Mc/hqdefault.jpg
Girls in THIS Country Treat me like a VIP! DOMINICAN REPUBLIC ğŸ‡©ğŸ‡´,3M views,/watch?v=cKbnlfVpW8E,https://i.ytimg.com/vi/cKbnlfVpW8E/hqdefault.jpg
GET PAID TO TRAVEL THE WORLD? à¤¦à¥à¤¨à¤¿à¤¯à¤¾ à¤˜à¥‚à¤®à¤¨à¥‡ à¤•à¥‡ à¤ªà¥ˆà¤¸à¥‡ à¤•à¥ˆà¤¸à¥‡ à¤•à¤®à¤¾à¤?,81K views,/watch?v=yB-ezWZi__0,https://i.ytimg.com/vi/yB-ezWZi__0/hqdefault.jpg
HAITI to DOMINICAN REPUBLIC Border Crossing by Bus ğŸ‡­ğŸ‡¹ğŸ‡©ğŸ‡´,1.1M views,/watch?v=KeTzkS3hdsw,https://i.ytimg.com/vi/KeTzkS3hdsw/hqdefault.jpg
HAITIAN GIRLS FIGHT EACH-OTHER FOR MY NUMBER!  ğŸ‡­ğŸ‡¹,1M views,/watch?v=PKaPp3tJp9Q,https://i.ytimg.com/vi/PKaPp3tJp9Q/hqdefault.jpg
Got Attacked in the Poorest & MOST Dangerous Country: Haiti! ğŸ‡­ğŸ‡¹,12M views,/watch?v=FbIy_0uLMVU,https://i.ytimg.com/vi/FbIy_0uLMVU/hqdefault.jpg
Haiti: Poorest & Most Dangerous Country of Western Hemisphere! ğŸ‡­ğŸ‡¹,680K views,/watch?v=UIOYzZEyqjY,https://i.ytimg.com/vi/UIOYzZEyqjY/hqdefault.jpg
"BAHAMAS: City Tour, Prices, Transport, Supermarket, Facts & EVERYTHING! ğŸ‡§ğŸ‡¸",508K views,/watch?v=ktL6CD2zKEg,https://i.ytimg.com/vi/ktL6CD2zKEg/hqdefault.jpg
RACISM against Indians by Locals in The BAHAMAS ğŸ‡§ğŸ‡¸ | Jamaica to Nassau,927K views,/watch?v=5RsGCuWt8_M,https://i.ytimg.com/vi/5RsGCuWt8_M/hqdefault.jpg
Why is JAMAICA the FASTEST COUNTRY in the WORLD? ğŸ‡¯ğŸ‡²,476K views,/watch?v=viUl54JBtas,https://i.ytimg.com/vi/viUl54JBtas/hqdefault.jpg
FIRST IMPRESSIONS OF JAMAICA! ğŸ‡¯ğŸ‡² (Antigua to Kingston),349K views,/watch?v=MIctgMOu-AI,https://i.ytimg.com/vi/MIctgMOu-AI/hqdefault.jpg
Record Attempt for FASTEST International Trip by Plane! ğŸ‡¦ğŸ‡¬-ğŸ‡°ğŸ‡³-ğŸ‡¦ğŸ‡¬,616K views,/watch?v=C4BBkFgs4o0,https://i.ytimg.com/vi/C4BBkFgs4o0/hqdefault.jpg
Visiting Cricket Stadium in WEST INDIES! Favourite Indian Cricketer? ğŸ‡¦ğŸ‡¬ğŸ‡®ğŸ‡³,377K views,/watch?v=mPcinpEfKc8,https://i.ytimg.com/vi/mPcinpEfKc8/hqdefault.jpg
HOW EXPENSIVE IS CARIBBEAN/ WEST INDIES? ğŸ‡¦ğŸ‡¬ Antigua & Barbuda,193K views,/watch?v=zIvYx3zab_g,https://i.ytimg.com/vi/zIvYx3zab_g/hqdefault.jpg
LOCAL TRANSPORT OF WEST INDIES | Barbados ğŸ‡§ğŸ‡§ to Antigua & Barbuda ğŸ‡¦ğŸ‡¬,331K views,/watch?v=gr5IxS2M3I8,https://i.ytimg.com/vi/gr5IxS2M3I8/hqdefault.jpg
DOMINICA & ST LUCIA: Best & Worst Countries of Caribbean! ğŸ‡©ğŸ‡²ğŸ‡±ğŸ‡¨,419K views,/watch?v=ulP75ArbEV0,https://i.ytimg.com/vi/ulP75ArbEV0/hqdefault.jpg
Country of Pirates of the Caribbean: St Vincent & the Grenadines ğŸ‡»ğŸ‡¨,346K views,/watch?v=pFjYoAnxEkU,https://i.ytimg.com/vi/pFjYoAnxEkU/hqdefault.jpg
CARIBBEAN CRUISE: GRENADA ğŸ‡¬ğŸ‡© (West Indies),316K views,/watch?v=KHZ0z5sisFE,https://i.ytimg.com/vi/KHZ0z5sisFE/hqdefault.jpg
West Indies: TRINIDAD & TOBAGO | Caribbean Cruise,443K views,/watch?v=Qfa7O2O-aN4,https://i.ytimg.com/vi/Qfa7O2O-aN4/hqdefault.jpg
Taking a Luxury Cruise Ship in CARIBBEAN for $$$$?,498K views,/watch?v=BuTNEs6B4Eo,https://i.ytimg.com/vi/BuTNEs6B4Eo/hqdefault.jpg
FIRST DAY IN WEST INDIES: BARBADOS ğŸ‡§ğŸ‡§,377K views,/watch?v=3tOI4Zzqd80,https://i.ytimg.com/vi/3tOI4Zzqd80/hqdefault.jpg
THE PANAMA CANAL: Only place where ships CLIMB! Most Important Waterway ğŸ‡µğŸ‡¦,615K views,/watch?v=OjWGF_ClGmw,https://i.ytimg.com/vi/OjWGF_ClGmw/hqdefault.jpg
ENTERING PANAMA ğŸ‡µğŸ‡¦ FROM COSTA RICA ğŸ‡¨ğŸ‡·,918K views,/watch?v=_6cgNi5jTuk,https://i.ytimg.com/vi/_6cgNi5jTuk/hqdefault.jpg
THE COUNTRY WITH NO ARMY: COSTA RICA! ğŸ‡¨ğŸ‡·,728K views,/watch?v=c0_eCXrWlWc,https://i.ytimg.com/vi/c0_eCXrWlWc/hqdefault.jpg
Traveling to the Country with NO ARMY! ğŸ‡¨ğŸ‡·,322K views,/watch?v=oRxrJPbLo_o,https://i.ytimg.com/vi/oRxrJPbLo_o/hqdefault.jpg
HOW TO GET PAID TO TRAVEL THE WORLD? ğŸ“New York ğŸ‡ºğŸ‡¸,774K views,/watch?v=Kw8SxFv-ajQ,https://i.ytimg.com/vi/Kw8SxFv-ajQ/hqdefault.jpg
The SECRET Lake Party of El Salvador! ğŸ‡¸ğŸ‡»,630K views,/watch?v=i3WF1OR5LuE,https://i.ytimg.com/vi/i3WF1OR5LuE/hqdefault.jpg
SURVIVING EXTREME VOLCANO BOARDING IN NICARAGUA! ğŸ‡³ğŸ‡®,1.4M views,/watch?v=kqqGqCQHyx8,https://i.ytimg.com/vi/kqqGqCQHyx8/hqdefault.jpg
"WALKING THE STREETS OF LEON, NICARAGUA ğŸ‡³ğŸ‡®",545K views,/watch?v=Bw63I9hCsA8,https://i.ytimg.com/vi/Bw63I9hCsA8/hqdefault.jpg
The Shocking Reality of NICARAGUA: First Days! ğŸ‡³ğŸ‡®,817K views,/watch?v=QFdy8qzXy9k,https://i.ytimg.com/vi/QFdy8qzXy9k/hqdefault.jpg
Entering the HARDEST Country for Indians! ğŸ‡³ğŸ‡®,466K views,/watch?v=Ipf0wK4iqDc,https://i.ytimg.com/vi/Ipf0wK4iqDc/hqdefault.jpg
Journey to Nicaragua: Medellin to San Jose! ğŸ‡¨ğŸ‡´ğŸ‡¨ğŸ‡·ğŸ‡³ğŸ‡®,482K views,/watch?v=OA_epZEcSFY,https://i.ytimg.com/vi/OA_epZEcSFY/hqdefault.jpg
Unknown Latin Women Kidnapped me for Dinner! ğŸ‡­ğŸ‡³,1.3M views,/watch?v=sX0zgEtD12s,https://i.ytimg.com/vi/sX0zgEtD12s/hqdefault.jpg
THIS COUNTRY DOES NOT WANT INDIAN TOURISTS!,1.1M views,/watch?v=9bZSHm73WwA,https://i.ytimg.com/vi/9bZSHm73WwA/hqdefault.jpg
"LATINAS almost KIDNAPPED me for MARRIAGE! (Taking the American ""DONKEY"" route!) ğŸ‡­ğŸ‡³",2.5M views,/watch?v=fEXFggBC4MU,https://i.ytimg.com/vi/fEXFggBC4MU/hqdefault.jpg
"LOST IN THE AMERICAN ""DONKEY"" ROUTE!",1.1M views,/watch?v=9FNCw-Wr35A,https://i.ytimg.com/vi/9FNCw-Wr35A/hqdefault.jpg
Why INDIANS must AVOID this COUNTRY?,1.7M views,/watch?v=iWtctoZzn0Q,https://i.ytimg.com/vi/iWtctoZzn0Q/hqdefault.jpg
DON'T MAKE THIS MISTAKE IN LATIN AMERICA! ğŸ‡­ğŸ‡³ğŸ‡³ğŸ‡®,1.1M views,/watch?v=YtiwQ_em5S0,https://i.ytimg.com/vi/YtiwQ_em5S0/hqdefault.jpg
Visiting the Most Romantic City in Honduras: SANTA LUCIA! ğŸ‡­ğŸ‡³,312K views,/watch?v=YbmceZxAp2c,https://i.ytimg.com/vi/YbmceZxAp2c/hqdefault.jpg
CAN INDIANS DO ROCK CLIMBING? ğŸ§—ğŸ¼ğŸ‡­ğŸ‡³,182K views,/watch?v=kjrXNgDjP1w,https://i.ytimg.com/vi/kjrXNgDjP1w/hqdefault.jpg
Finding a GYM at MIDNIGHT in the MOST Dangerous Country!Â ğŸ‡­ğŸ‡³,141K views,/watch?v=zLCLlh5UQeo,https://i.ytimg.com/vi/zLCLlh5UQeo/hqdefault.jpg
Honduran Couple gets me DRUNK in Tegu!Â ğŸ‡­ğŸ‡³ (Hitchhiking in Honduras!),316K views,/watch?v=usHvXJGvsbM,https://i.ytimg.com/vi/usHvXJGvsbM/hqdefault.jpg
Walking the Streets of TEGUCIGALPA - HONDURAS!Â ğŸ‡­ğŸ‡³,548K views,/watch?v=rs9RD7-jfpE,https://i.ytimg.com/vi/rs9RD7-jfpE/hqdefault.jpg
El Salvador - Honduras Border Crossing ğŸ‡¸ğŸ‡»ğŸ‡­ğŸ‡³ (USA ğŸ‡ºğŸ‡¸ Donkey Route),261K views,/watch?v=FqJo2YWErU0,https://i.ytimg.com/vi/FqJo2YWErU0/hqdefault.jpg
MURDER CAPITAL IN 2023 - El Salvador ğŸ‡¸ğŸ‡»,217K views,/watch?v=KH_dJr7q2oM,https://i.ytimg.com/vi/KH_dJr7q2oM/hqdefault.jpg
Traveling while ONLY SPEAKING HINDI in LATIN AMERICA! ğŸ‡¸ğŸ‡»,348K views,/watch?v=7-l4WZrgKM8,https://i.ytimg.com/vi/7-l4WZrgKM8/hqdefault.jpg
How DANGEROUS is EL SALVADOR? Santa Ana to San Salvador ğŸ‡¸ğŸ‡»,1M views,/watch?v=QSCQcFTJLUA,https://i.ytimg.com/vi/QSCQcFTJLUA/hqdefault.jpg
SURVIVING A DAY IN WORLDâ€™S MURDER CAPITAL! ğŸ‡¸ğŸ‡»,400K views,/watch?v=HEQpubbE6-A,https://i.ytimg.com/vi/HEQpubbE6-A/hqdefault.jpg
Traveling to WORLDâ€™S MOST DANGEROUS COUNTRY! ğŸ‡¸ğŸ‡»,1.7M views,/watch?v=LrYm3dt_3FM,https://i.ytimg.com/vi/LrYm3dt_3FM/hqdefault.jpg
Hiking an ACTIVE Volcano in Guatemala - ACATENANGO VOLCANO! ğŸ‡¬ğŸ‡¹,373K views,/watch?v=ce_3F3CnoTU,https://i.ytimg.com/vi/ce_3F3CnoTU/hqdefault.jpg
"Markets of Antigua, Guatemala: Finding a Cobbler! ğŸ‡¬ğŸ‡¹",293K views,/watch?v=Dk27-Vrq7Kk,https://i.ytimg.com/vi/Dk27-Vrq7Kk/hqdefault.jpg
Riding on CHICKEN BUSES of GUATEMALA ğŸ‡¬ğŸ‡¹ (Central America),261K views,/watch?v=U1aWslZPnlg,https://i.ytimg.com/vi/U1aWslZPnlg/hqdefault.jpg
Crazy 24 Hours in Central America's LARGEST CITY!  Guatemala City: First Impressions! ğŸ‡¬ğŸ‡¹,333K views,/watch?v=3ZU0l4Q_qA8,https://i.ytimg.com/vi/3ZU0l4Q_qA8/hqdefault.jpg
LATIN AMERICA BORDER CROSSING (Belize - Guatemala ğŸ‡§ğŸ‡¿ğŸ‡¬ğŸ‡¹),200K views,/watch?v=10etGoXnX6g,https://i.ytimg.com/vi/10etGoXnX6g/hqdefault.jpg
LATIN AMERICAâ€™S BORDER TOWNS!Â ğŸ‡§ğŸ‡¿,268K views,/watch?v=FLgQMMNMkHM,https://i.ytimg.com/vi/FLgQMMNMkHM/hqdefault.jpg
LOCAL WOMEN SERVED ME THE BEST FOOD IN BELIZE!Â ğŸ‡§ğŸ‡¿,463K views,/watch?v=khjVJ0taeuI,https://i.ytimg.com/vi/khjVJ0taeuI/hqdefault.jpg
LOCAL BUSES OF AMERICA (BELIZE ğŸ‡§ğŸ‡¿),533K views,/watch?v=hErZyc7vLIE,https://i.ytimg.com/vi/hErZyc7vLIE/hqdefault.jpg
BELIZE - Almost Robbed in the Most Dangerous Hood!? ğŸ‡§ğŸ‡¿,690K views,/watch?v=qWxkM9OSLQY,https://i.ytimg.com/vi/qWxkM9OSLQY/hqdefault.jpg
Crossing Mexico-Belize Border by Land ğŸ‡²ğŸ‡½ğŸ‡§ğŸ‡¿,393K views,/watch?v=GBCRcUm7-HM,https://i.ytimg.com/vi/GBCRcUm7-HM/hqdefault.jpg
Lost in Latin America's HIDDEN GEM - BACALAR! ğŸ‡²ğŸ‡½,245K views,/watch?v=5WBRhZZJpO0,https://i.ytimg.com/vi/5WBRhZZJpO0/hqdefault.jpg
Discovering the MAYAN PYRAMIDS of MEXICO (World's New Wonder!) ğŸ‡²ğŸ‡½,212K views,/watch?v=d2ab3lZ35rw,https://i.ytimg.com/vi/d2ab3lZ35rw/hqdefault.jpg
Exploring the MINI AMERICA of MEXICO: CANCUN! ğŸ‡²ğŸ‡½,375K views,/watch?v=GyulT7wjnmw,https://i.ytimg.com/vi/GyulT7wjnmw/hqdefault.jpg
Local Markets of Mexico: Eating GRASSHOPPERS! ğŸ‡²ğŸ‡½,914K views,/watch?v=tdsYfWlijRI,https://i.ytimg.com/vi/tdsYfWlijRI/hqdefault.jpg
MY LAST TIME SURFING IN MEXICO! ğŸ‡²ğŸ‡½,622K views,/watch?v=-rC6PWGNd0o,https://i.ytimg.com/vi/-rC6PWGNd0o/hqdefault.jpg
THE UNSEEN PART OF MEXICO - Life after 2 months of living like a LOCAL! ğŸ‡²ğŸ‡½,597K views,/watch?v=yFmVFXEZzoM,https://i.ytimg.com/vi/yFmVFXEZzoM/hqdefault.jpg
"MY LIFE IN THE SURF PARADISE: PUERTO ESCONDIDO, MEXICO ğŸ‡²ğŸ‡½ (Learning Surf & Spanish!)",132K views,/watch?v=2jOGlxwP7As,https://i.ytimg.com/vi/2jOGlxwP7As/hqdefault.jpg
"Visiting World's Most ALCOHOLIC Town: TEQUILA, MEXICO! ğŸ‡²ğŸ‡½",1.4M views,/watch?v=C4v7lPw0UPU,https://i.ytimg.com/vi/C4v7lPw0UPU/hqdefault.jpg
"Guadalajara, Mexico: Day of the DEAD & the LARGEST Market of Latin America! ğŸ‡²ğŸ‡½",757K views,/watch?v=SK4Id_n9ie8,https://i.ytimg.com/vi/SK4Id_n9ie8/hqdefault.jpg
FIRST IMPRESSIONS of MEXICO as a TOURIST! ğŸ‡²ğŸ‡½,1.6M views,/watch?v=_hQBrT7QdfQ,https://i.ytimg.com/vi/_hQBrT7QdfQ/hqdefault.jpg
Flying with the WORST Rated MEXICAN AIRLINE! ğŸ‡ºğŸ‡¸ğŸ‡²ğŸ‡½ New York to Mexico City,621K views,/watch?v=GbK27qTQ_-s,https://i.ytimg.com/vi/GbK27qTQ_-s/hqdefault.jpg
"Rainy Morning Walk at Times Square, Manhattan | NYC 4K ğŸ‡ºğŸ‡¸",243K views,/watch?v=J3swryHsyNg,https://i.ytimg.com/vi/J3swryHsyNg/hqdefault.jpg
New York Cityâ€™s Most Dangerous Hood: Brownsville ğŸ‡ºğŸ‡¸,718K views,/watch?v=7euRIZOjxyY,https://i.ytimg.com/vi/7euRIZOjxyY/hqdefault.jpg
"NYC Vlog: Wall Street, Apartments & Gym! ğŸ‡ºğŸ‡¸",236K views,/watch?v=9kYmHmg9SqQ,https://i.ytimg.com/vi/9kYmHmg9SqQ/hqdefault.jpg
THE DARK SIDE OF NEW YORK CITY! ğŸ‡ºğŸ‡¸,1.1M views,/watch?v=UGaNi5qI7ks,https://i.ytimg.com/vi/UGaNi5qI7ks/hqdefault.jpg
INSIDE THE MOST DANGEROUS HOOD OF NEW YORK CITY! ğŸ‡ºğŸ‡¸,3.3M views,/watch?v=esdKmuSTm8g,https://i.ytimg.com/vi/esdKmuSTm8g/hqdefault.jpg
SPENDING $100 IN NEW YORK CITY! HOW EXPENSIVE IS IT? ğŸ‡ºğŸ‡¸,2.7M views,/watch?v=i0vx66dWMsI,https://i.ytimg.com/vi/i0vx66dWMsI/hqdefault.jpg
HOW EXPENSIVE IS IT TO TRAVEL IN NEW YORK? ğŸ‡ºğŸ‡¸,1.3M views,/watch?v=rFx7ZL3o14w,https://i.ytimg.com/vi/rFx7ZL3o14w/hqdefault.jpg
NEW YORK: THE CITY THAT NEVER SLEEPS? Exploring NYC AFTER MIDNIGHT! ğŸ‡ºğŸ‡¸,1.1M views,/watch?v=2DoDflpemBk,https://i.ytimg.com/vi/2DoDflpemBk/hqdefault.jpg
Buying iPhone 14 Pro from APPLE'S BIGGEST STORE: NEW YORK! ğŸ‡ºğŸ‡¸,956K views,/watch?v=lpj8YgrlkTk,https://i.ytimg.com/vi/lpj8YgrlkTk/hqdefault.jpg
HOW EXPENSIVE IS KOREA FOR INDIANS? ğŸ‡°ğŸ‡·,671K views,/watch?v=q_xuaqmb_hE,https://i.ytimg.com/vi/q_xuaqmb_hE/hqdefault.jpg
48 Hours on JEJU ISLAND with @yatridoctor & Korea Tourism Organisation! ğŸ‡°ğŸ‡·,299K views,/watch?v=PfOp3o3LKC8,https://i.ytimg.com/vi/PfOp3o3LKC8/hqdefault.jpg
STAYING AT THE LARGEST GRAND HYATT IN JEJU (KOREA)! ğŸ‡°ğŸ‡· SEOUL TO JEJU ISLAND,184K views,/watch?v=Vy3Pu311WRw,https://i.ytimg.com/vi/Vy3Pu311WRw/hqdefault.jpg
"KOREA: Lotte Tower, Gangnam Square & Indian Restaurant! ğŸ‡°ğŸ‡·",205K views,/watch?v=-Zd3YtMi1fQ,https://i.ytimg.com/vi/-Zd3YtMi1fQ/hqdefault.jpg
"LOCAL MARKETS, PUBLIC TRANSPORT & ALCOHOL PRICES IN KOREA! ğŸ‡°ğŸ‡·",301K views,/watch?v=bwXvvIhRh18,https://i.ytimg.com/vi/bwXvvIhRh18/hqdefault.jpg
"BECOMING A KOREAN IN SEOUL, SOUTH KOREA! ğŸ‡°ğŸ‡· Hanbok & the Gyeongbokgung palace!",567K views,/watch?v=K69l2Uphlso,https://i.ytimg.com/vi/K69l2Uphlso/hqdefault.jpg
LIFE AT THE UKRAINIAN BORDER DURING WAR ğŸ‡ºğŸ‡¦,2.1M views,/watch?v=JcVOPBQDVCI,https://i.ytimg.com/vi/JcVOPBQDVCI/hqdefault.jpg
Traveling to European Unionâ€™s Poorest Country! ğŸ‡ªğŸ‡¸ğŸ‡§ğŸ‡¬ğŸ‡«ğŸ‡·ğŸ‡³ğŸ‡±ğŸ‡µğŸ‡±,1.1M views,/watch?v=fAR8vRuJ_z4,https://i.ytimg.com/vi/fAR8vRuJ_z4/hqdefault.jpg
"ANDORRA: EUROPEâ€™S HIGHEST CAPITAL! TOBACCO, SKIING, PRICES & MORE! ğŸ‡¦ğŸ‡©",350K views,/watch?v=dwHq36o7_Uk,https://i.ytimg.com/vi/dwHq36o7_Uk/hqdefault.jpg
Solo from Nimes (France) to Barcelona (Spain) ğŸ‡«ğŸ‡·ğŸ‡ªğŸ‡¸,372K views,/watch?v=0tzpWJnSACk,https://i.ytimg.com/vi/0tzpWJnSACk/hqdefault.jpg
"VISITING THE COUNTRY OF ONLY BILLIONAIRES! Fancy Cars, Super Yachts & Casino of MONACO!",5.2M views,/watch?v=CHYUnAO_O6g,https://i.ytimg.com/vi/CHYUnAO_O6g/hqdefault.jpg
BAD EXPERIENCE IN EUROPE (AUSTRIA TO CROATIA) ğŸ‡¦ğŸ‡¹ğŸ‡­ğŸ‡·,980K views,/watch?v=M-Yv5TP8anE,https://i.ytimg.com/vi/M-Yv5TP8anE/hqdefault.jpg
INDIAN STREET FOOD RESTAURANT IN SRI LANKA ğŸ‡±ğŸ‡°,268K views,/watch?v=h66ii0cM2Ls,https://i.ytimg.com/vi/h66ii0cM2Ls/hqdefault.jpg
FINDING SANGAKKARAâ€™S HOME IN SRI LANKA ğŸ‡±ğŸ‡°,402K views,/watch?v=zw1r1Rh7Wts,https://i.ytimg.com/vi/zw1r1Rh7Wts/hqdefault.jpg
"LIFE OF HINDUS IN COLOMBO, SRI LANKA ğŸ‡±ğŸ‡°",256K views,/watch?v=MHayKxsAXyg,https://i.ytimg.com/vi/MHayKxsAXyg/hqdefault.jpg
LOCAL FOOD STREETS OF SRI LANKA ğŸ‡±ğŸ‡°,707K views,/watch?v=CM7iwVBt_vc,https://i.ytimg.com/vi/CM7iwVBt_vc/hqdefault.jpg
Spending â‚¹400 ($5) in SRI LANKA during the CRISIS | HOW EXPENSIVE IS IT? ğŸ‡±ğŸ‡°,3.5M views,/watch?v=CWM1fNNSomE,https://i.ytimg.com/vi/CWM1fNNSomE/hqdefault.jpg
LOCAL TRAINS OF SRI LANKA ğŸ‡±ğŸ‡°,429K views,/watch?v=8oFNfB5OHKE,https://i.ytimg.com/vi/8oFNfB5OHKE/hqdefault.jpg
VISITING THE CAPTURED PM HOUSE IN SRI LANKA! ğŸ‡±ğŸ‡°,386K views,/watch?v=DO8Pn-luKIk,https://i.ytimg.com/vi/DO8Pn-luKIk/hqdefault.jpg
I TRIED BUYING FUEL IN SRI LANKA DURING THE FUEL CRISIS! ğŸ‡±ğŸ‡°,658K views,/watch?v=tx77QdzGcSs,https://i.ytimg.com/vi/tx77QdzGcSs/hqdefault.jpg
VEGETABLE MARKET of SRI LANKA during CRISIS! ğŸ‡±ğŸ‡°,2.8M views,/watch?v=ixLjSzRiVTY,https://i.ytimg.com/vi/ixLjSzRiVTY/hqdefault.jpg
SRI LANKAN MARKETS During CRISIS ğŸ‡±ğŸ‡°,1.1M views,/watch?v=QPv-44j4h90,https://i.ytimg.com/vi/QPv-44j4h90/hqdefault.jpg
People Living in Cars to Buy Fuel: Sri Lanka's EXTREME FUEL CRISIS! (SHOCKING!) ğŸ‡±ğŸ‡°,526K views,/watch?v=0PaBhqo088I,https://i.ytimg.com/vi/0PaBhqo088I/hqdefault.jpg
FIRST DAY IN SRI LANKA AFTER BANKRUPTCY ğŸ‡±ğŸ‡°,1.1M views,/watch?v=9LOOjDV9rz8,https://i.ytimg.com/vi/9LOOjDV9rz8/hqdefault.jpg
FLYING TO BANKRUPT SRI LANKA DURING THE CRISIS! ğŸ‡±ğŸ‡°,1.1M views,/watch?v=RDd1FjuI7ns,https://i.ytimg.com/vi/RDd1FjuI7ns/hqdefault.jpg
Why are Korean Cosmetics so Popular? ğŸ‡°ğŸ‡· EXPLORING MARKETS OF SEOUL!,680K views,/watch?v=up_bNA9wqrM,https://i.ytimg.com/vi/up_bNA9wqrM/hqdefault.jpg
"NIGHTLIFE OF SEOUL, SOUTH KOREA ğŸ‡°ğŸ‡·",2.7M views,/watch?v=B6NijujBLv4,https://i.ytimg.com/vi/B6NijujBLv4/hqdefault.jpg
TRAVELING TO SOUTH KOREA ğŸ‡°ğŸ‡· FROM DELHI (FOR FREE)!,442K views,/watch?v=M6KfcUEYxc8,https://i.ytimg.com/vi/M6KfcUEYxc8/hqdefault.jpg
"INDIAN RESTAURANT IN AQABA, JORDAN! ğŸ‡¯ğŸ‡´",281K views,/watch?v=tBwrzw_JljE,https://i.ytimg.com/vi/tBwrzw_JljE/hqdefault.jpg
Exploring JORDAN'S AQABA where 4 countries meet! ğŸ‡¯ğŸ‡´ğŸ‡¸ğŸ‡¦ğŸ‡®ğŸ‡±ğŸ‡ªğŸ‡¬,363K views,/watch?v=Y2DLCaWUf20,https://i.ytimg.com/vi/Y2DLCaWUf20/hqdefault.jpg
The Lost Ancient City of Petra (2nd WONDER OF THE WORLD!) ğŸ‡¯ğŸ‡´,119K views,/watch?v=n5nxeQrE4XY,https://i.ytimg.com/vi/n5nxeQrE4XY/hqdefault.jpg
"Scammed at World's Wonder PETRA! ANCIENT CITY PRICES, MARKETS, TRAPS ğŸ‡¯ğŸ‡´",172K views,/watch?v=6mgDpbnWOtY,https://i.ytimg.com/vi/6mgDpbnWOtY/hqdefault.jpg
"ROADSIDE ""DHABAS"" OF MIDDLE EAST! | Dead Sea to Petra ğŸ‡¯ğŸ‡´",212K views,/watch?v=KzFk8Wx3v-A,https://i.ytimg.com/vi/KzFk8Wx3v-A/hqdefault.jpg
"INDIAN FLOATING ON THE DEAD SEA, JORDAN ğŸ‡¯ğŸ‡´  | IMPOSSIBLE TO DROWN!",1M views,/watch?v=Z5WuE0MakEg,https://i.ytimg.com/vi/Z5WuE0MakEg/hqdefault.jpg
HOW ARAB CHRISTIANS TREAT AN INDIAN TOURIST IN JORDAN? ğŸ‡¯ğŸ‡´ğŸ‡®ğŸ‡³,396K views,/watch?v=JmSNDPjnULM,https://i.ytimg.com/vi/JmSNDPjnULM/hqdefault.jpg
"LIFE OF ARAB CHRISTIANS IN THE MIDDLE EAST ğŸ‡¯ğŸ‡´ | Madaba, Jordan",235K views,/watch?v=dfzcQNuOjXg,https://i.ytimg.com/vi/dfzcQNuOjXg/hqdefault.jpg
"A DAY IN AMMAN, JORDAN ğŸ‡¯ğŸ‡´ | FOOD, PRICES, PEOPLE!",983K views,/watch?v=2KDAefoo0h8,https://i.ytimg.com/vi/2KDAefoo0h8/hqdefault.jpg
"EXPLORING THE CHEAPEST PARTY CITY OF EUROPE! KRAKOW, POLAND ğŸ‡µğŸ‡±",358K views,/watch?v=Z4QbM_AkGWU,https://i.ytimg.com/vi/Z4QbM_AkGWU/hqdefault.jpg
HOW EXPENSIVE IS PARIS FOR INDIAN TOURISTS? ğŸ‡«ğŸ‡·ğŸ‡®ğŸ‡³,374K views,/watch?v=PowvzFHlEqk,https://i.ytimg.com/vi/PowvzFHlEqk/hqdefault.jpg
"EIFFEL TOWER: TICKETS, PRICES & DRINKS! ğŸ‡«ğŸ‡· (HARYANA IN FRANCE)",919K views,/watch?v=od7AqPcL1LY,https://i.ytimg.com/vi/od7AqPcL1LY/hqdefault.jpg
PRICES & PUBLIC TRANSPORTS OF PARIS ğŸ‡«ğŸ‡·,197K views,/watch?v=bfbzj7q9jZ4,https://i.ytimg.com/vi/bfbzj7q9jZ4/hqdefault.jpg
How CHEAP is Turkey after Crisis? Spending 500INR/7$ in Antalya! PART 2,109K views,/watch?v=1GE9RTjN0GM,https://i.ytimg.com/vi/1GE9RTjN0GM/hqdefault.jpg
TURKEY: Tried Spending 500INR/7$ in Antalya! How CHEAP is Turkey after Crisis?,1.4M views,/watch?v=rL4DdTOHc0A,https://i.ytimg.com/vi/rL4DdTOHc0A/hqdefault.jpg
HOW ARE THE WEDDINGS IN TURKEY? Turkish/Ukrainian Wedding ğŸ‡¹ğŸ‡·ğŸ‡ºğŸ‡¦,859K views,/watch?v=flM2XvX1nkM,https://i.ytimg.com/vi/flM2XvX1nkM/hqdefault.jpg
CAR BREAKDOWN NEAR SYRIA-IRAQ BORDER! (MARDIN) | Dara Ancient City & Mor Hanayo Monastery,111K views,/watch?v=WkZefjJ98UM,https://i.ytimg.com/vi/WkZefjJ98UM/hqdefault.jpg
SECRET CITY OF MIDDLE EAST: MARDIN | No Tourists Allowed here? (Turkey-Syria-Iraq Border),208K views,/watch?v=L9rJVoiHRUM,https://i.ytimg.com/vi/L9rJVoiHRUM/hqdefault.jpg
Driving to an UNKNOWN City of Middle East | Highways of Turkey ğŸ‡¹ğŸ‡·,91K views,/watch?v=8C4Gx8cuPXM,https://i.ytimg.com/vi/8C4Gx8cuPXM/hqdefault.jpg
Discovering the TURKISH TOWN OF HORSES ğŸ‡¹ğŸ‡·,627K views,/watch?v=Nvg9dGs3wns,https://i.ytimg.com/vi/Nvg9dGs3wns/hqdefault.jpg
World's Most Popular Balloon Ride: WORTH OR NOT? ğŸ‡¹ğŸ‡·,238K views,/watch?v=1oAkEEI5i_0,https://i.ytimg.com/vi/1oAkEEI5i_0/hqdefault.jpg
SMALL TOWNS OF TURKEY ğŸ‡¹ğŸ‡· | Antalya to Cappadocia by Road,321K views,/watch?v=WcrIPH77WZ0,https://i.ytimg.com/vi/WcrIPH77WZ0/hqdefault.jpg
MY LIFE IN ANTALYA - TURKEY ğŸ‡¹ğŸ‡·,2.5M views,/watch?v=IoDKuU6ANaA,https://i.ytimg.com/vi/IoDKuU6ANaA/hqdefault.jpg
HOW TO TRAVEL TO SYRIA IN 2022? ğŸ‡¸ğŸ‡¾ MY TOUR COST & EXPERIENCE?,81K views,/watch?v=weoAWuXY_70,https://i.ytimg.com/vi/weoAWuXY_70/hqdefault.jpg
SYRIA - LEBANON BORDER CROSSING BY LAND ğŸ‡¸ğŸ‡¾ ğŸ‡±ğŸ‡§,209K views,/watch?v=BoibtO99Dzg,https://i.ytimg.com/vi/BoibtO99Dzg/hqdefault.jpg
DON'T DO THIS IN SYRIA! ğŸ‡¸ğŸ‡¾,695K views,/watch?v=7Tu4SujDdLw,https://i.ytimg.com/vi/7Tu4SujDdLw/hqdefault.jpg
HOW EXPENSIVE IS SYRIA? ğŸ‡¸ğŸ‡¾ Spending 10$ Part II,473K views,/watch?v=CPjmEmoWNEA,https://i.ytimg.com/vi/CPjmEmoWNEA/hqdefault.jpg
SYRIA: Everything FREE for Tourists? I Tried Spending 10$ in Damascus! ğŸ‡¸ğŸ‡¾,6.7M views,/watch?v=_j0BI4YQT4Q,https://i.ytimg.com/vi/_j0BI4YQT4Q/hqdefault.jpg
EATING AT THE ONLY REMAINING INDIAN ğŸ‡®ğŸ‡³ RESTAURANT IN SYRIA ğŸ‡¸ğŸ‡¾ | Hindi,873K views,/watch?v=lyQcHpvo4ko,https://i.ytimg.com/vi/lyQcHpvo4ko/hqdefault.jpg
SHOPPING MALLS OF SYRIA! ğŸ‡¸ğŸ‡¾ | Hindi,1.1M views,/watch?v=2yTYN-vmuGI,https://i.ytimg.com/vi/2yTYN-vmuGI/hqdefault.jpg
HOW ARE THE VILLAGES IN SYRIA? ğŸ‡¸ğŸ‡¾ | Hindi,1.6M views,/watch?v=ONrRd1bit5o,https://i.ytimg.com/vi/ONrRd1bit5o/hqdefault.jpg
BIG MANSIONS of SYRIA where NO ONE wants to live! NOT EVEN FOR FREE! ğŸ‡¸ğŸ‡¾,661K views,/watch?v=0oafk67Y5RI,https://i.ytimg.com/vi/0oafk67Y5RI/hqdefault.jpg
"INSIDE HOMS, SYRIA: THE MOST DANGEROUS PLACE ON PLANET? ğŸ‡¸ğŸ‡¾ Hindi",970K views,/watch?v=JCXrMhHJ6NY,https://i.ytimg.com/vi/JCXrMhHJ6NY/hqdefault.jpg
LIFE IN ALEPPO-SYRIA ğŸ‡¸ğŸ‡¾ AFTER THE CIVIL WAR | Hindi,1.4M views,/watch?v=BL-7urzCcJY,https://i.ytimg.com/vi/BL-7urzCcJY/hqdefault.jpg
MY LIFE IN SYRIA ğŸ‡¸ğŸ‡¾ | HAMA TO ALEPPO | Hindi,845K views,/watch?v=YjmJzIcyKm8,https://i.ytimg.com/vi/YjmJzIcyKm8/hqdefault.jpg
INSIDE THE ABANDONED GHOST TOWNS OF SYRIA ğŸ‡¸ğŸ‡¾,1.7M views,/watch?v=Z6L96oWrNI8,https://i.ytimg.com/vi/Z6L96oWrNI8/hqdefault.jpg
HOW SYRIAN PEOPLE TREAT AN INDIAN TOURIST? ğŸ‡¸ğŸ‡¾ğŸ‡®ğŸ‡³,1M views,/watch?v=4Kv01hCaLds,https://i.ytimg.com/vi/4Kv01hCaLds/hqdefault.jpg
HOW CHRISTIANS LIVE IN SYRIA? ğŸ‡¸ğŸ‡¾ Hindi,1M views,/watch?v=d2-z3qI-CAw,https://i.ytimg.com/vi/d2-z3qI-CAw/hqdefault.jpg
"FIRST DAY IN SYRIA ğŸ‡¸ğŸ‡¾| Prices, Food, Vodka & Sim Card | Hindi",1.7M views,/watch?v=k7v2Cq-zoWY,https://i.ytimg.com/vi/k7v2Cq-zoWY/hqdefault.jpg
BORDER-CROSSING INTO SYRIA BY LAND ğŸ‡¸ğŸ‡¾ | First Day in Damascus | Hindi,2.1M views,/watch?v=gUmsGExRfuQ,https://i.ytimg.com/vi/gUmsGExRfuQ/hqdefault.jpg
ULTIMATE STREET FOOD OF ISTANBUL! ğŸ‡¹ğŸ‡· Turkish Food Tour | Hindi,455K views,/watch?v=lIYWvHA8I0g,https://i.ytimg.com/vi/lIYWvHA8I0g/hqdefault.jpg
SCAM STREETS OF ISTANBUL (TAKSIM),874K views,/watch?v=1I5-cdhzyiw,https://i.ytimg.com/vi/1I5-cdhzyiw/hqdefault.jpg
HIGH SPEED TRAINS OF ISTANBUL TURKEY ğŸ‡¹ğŸ‡· Hindi,156K views,/watch?v=-kRqooiORz4,https://i.ytimg.com/vi/-kRqooiORz4/hqdefault.jpg
EXPLORING ISTANBUL'S RISKIEST STREETS IN LOCAL BUSES ğŸ‡¹ğŸ‡·,146K views,/watch?v=sY_m98tBLnM,https://i.ytimg.com/vi/sY_m98tBLnM/hqdefault.jpg
LIFE OF INDIAN TOURIST IN TURKEY ğŸ‡¹ğŸ‡·  | HINDI,483K views,/watch?v=S38MZ7D6qds,https://i.ytimg.com/vi/S38MZ7D6qds/hqdefault.jpg
HOW EXPENSIVE IS ISTANBUL AFTER DOLLAR CRISIS? | HINDI,199K views,/watch?v=DFjXlkmVYBw,https://i.ytimg.com/vi/DFjXlkmVYBw/hqdefault.jpg
Lady Scams at ISTANBUL Airport ğŸ‡¹ğŸ‡· LATEST TRAVEL LAWS FROM INDIA (2022),449K views,/watch?v=Y4EK9e8C2cE,https://i.ytimg.com/vi/Y4EK9e8C2cE/hqdefault.jpg
LEBANESE SWEETS ALMOST GOT US KILLED! ğŸ‡±ğŸ‡§,511K views,/watch?v=42nm7mV9tcE,https://i.ytimg.com/vi/42nm7mV9tcE/hqdefault.jpg
GIFTING THE OLDEST SOAP MAKER 3800000 LBP!,23K views,/watch?v=NvQkqrneAsI,https://i.ytimg.com/vi/NvQkqrneAsI/hqdefault.jpg
ARAB HAMAM BRUTALLY CHANGED MY SKIN COLOR! à¤¹à¤¿à¤‚à¤¦à¥€,424K views,/watch?v=ZWIStxPmo0U,https://i.ytimg.com/vi/ZWIStxPmo0U/hqdefault.jpg
"200 YEAR OLD SOAP MAKER IN TRIPOLI, LEBANON | Hindi",65K views,/watch?v=2berXwV2cI4,https://i.ytimg.com/vi/2berXwV2cI4/hqdefault.jpg
How much can you BUY with â‚¹300 (5$) in the CHEAPEST COUNTRY? à¤¹à¤¿à¤‚à¤¦à¥€,5.1M views,/watch?v=gPHnLe8Nu40,https://i.ytimg.com/vi/gPHnLe8Nu40/hqdefault.jpg
HOW LEBANESE PEOPLE TREAT INDIAN TOURIST? Extreme Hospitality! Hindi,305K views,/watch?v=sS0uzaQRSpI,https://i.ytimg.com/vi/sS0uzaQRSpI/hqdefault.jpg
HOW PEOPLE LIVE AT THE LEBANON - SYRIA BORDER? ğŸ‡±ğŸ‡§ğŸ‡¸ğŸ‡¾,235K views,/watch?v=klJYFBYsrn4,https://i.ytimg.com/vi/klJYFBYsrn4/hqdefault.jpg
Indian HITCHHIKING across LEBANON ğŸ‡±ğŸ‡§ & SYRIA ğŸ‡¸ğŸ‡¾ with Soldiers | Hindi,96K views,/watch?v=krGnHbU3Xvs,https://i.ytimg.com/vi/krGnHbU3Xvs/hqdefault.jpg
Walking Tripoliâ€™s Streets & Mosques (Lebanon) ğŸ‡±ğŸ‡§,73K views,/watch?v=EukeOh-7Ep0,https://i.ytimg.com/vi/EukeOh-7Ep0/hqdefault.jpg
THE HAMAMS OF LEBANON - WHAT'S INSIDE? ğŸ‡±ğŸ‡§,90K views,/watch?v=pFl5LEvhkgk,https://i.ytimg.com/vi/pFl5LEvhkgk/hqdefault.jpg
INSIDE THE MARKETS (SOUKS) OF LEBANON ğŸ‡±ğŸ‡§,204K views,/watch?v=WPuKNbGcxsY,https://i.ytimg.com/vi/WPuKNbGcxsY/hqdefault.jpg
ALMOST GOT KILLED IN LEBANON | TRIPOLI RIOTS 2021,279K views,/watch?v=iHLSeInLtrw,https://i.ytimg.com/vi/iHLSeInLtrw/hqdefault.jpg
BEIRUT TO TRIPOLI ğŸ‡±ğŸ‡§ | World's Prettiest Road Journey?,179K views,/watch?v=yUX-xowVtXI,https://i.ytimg.com/vi/yUX-xowVtXI/hqdefault.jpg
EXPLORING BEIRUT DURING CURFEW ğŸ‡±ğŸ‡§ | LEBANON 2021,363K views,/watch?v=3G5Nlw-z4xw,https://i.ytimg.com/vi/3G5Nlw-z4xw/hqdefault.jpg
TRAVELLING TO LEBANON DURING STRICT CURFEW | HINDI,134K views,/watch?v=T9FiJOohZ-Y,https://i.ytimg.com/vi/T9FiJOohZ-Y/hqdefault.jpg
THIS IS LEBANON ğŸ‡±ğŸ‡§ | My Lebanon Travel Series 2021,123K views,/watch?v=_C6KJEjFQNg,https://i.ytimg.com/vi/_C6KJEjFQNg/hqdefault.jpg
DUBAI DOWNTOWN AT NIGHT | HINDI,111K views,/watch?v=fsls2eufa38,https://i.ytimg.com/vi/fsls2eufa38/hqdefault.jpg
A DAY IN DUBAI WITHOUT SPENDING ANY MONEY! Hindi,614K views,/watch?v=gZ0gWRDpkes,https://i.ytimg.com/vi/gZ0gWRDpkes/hqdefault.jpg
WHAT DO SOMALI PEOPLE THINK ABOUT INDIANS & SOMALILAND'S FUTURE?,32K views,/watch?v=3Ca2Lz9aoIs,https://i.ytimg.com/vi/3Ca2Lz9aoIs/hqdefault.jpg
VISITING AN AFRICAN HOSPITAL & MALL,91K views,/watch?v=nMwaW5P2OtY,https://i.ytimg.com/vi/nMwaW5P2OtY/hqdefault.jpg
INSIDE THE MONEY MARKETS OF AFRICA - SOMALILAND,7.7M views,/watch?v=tZuvtusCe1w,https://i.ytimg.com/vi/tZuvtusCe1w/hqdefault.jpg
Celebrating my 24th Bday with Poor Somali Families | Donating Food & Groceries,87K views,/watch?v=80UR_MJAp1s,https://i.ytimg.com/vi/80UR_MJAp1s/hqdefault.jpg
STRANGERS invited me for Lunch in Somalia! | EMOTIONAL!,625K views,/watch?v=NkN32NSBTGU,https://i.ytimg.com/vi/NkN32NSBTGU/hqdefault.jpg
PETTING LIONS & CHEETAH IN HARGEISA | LION ATTACK,69K views,/watch?v=cgUAqAUYS9s,https://i.ytimg.com/vi/cgUAqAUYS9s/hqdefault.jpg
I GOT HIGH ON AFRICAâ€™S MOST ADDICTIVE DRUG IN SOMALIA,117K views,/watch?v=1aNqhzX2-qw,https://i.ytimg.com/vi/1aNqhzX2-qw/hqdefault.jpg
THEY DON'T PAY BY CASH IN THIS AFRICAN COUNTRY! | HINDI,137K views,/watch?v=ol-qMMOUkbc,https://i.ytimg.com/vi/ol-qMMOUkbc/hqdefault.jpg
SPENDING â‚¹1000/13$ IN HARGEISA - SOMALIA/SOMALILAND | HINDI,366K views,/watch?v=SwmyHVju558,https://i.ytimg.com/vi/SwmyHVju558/hqdefault.jpg
A DAY IN THE STREETS OF HARGEISA - SOMALILAND | HINDI,257K views,/watch?v=rH5ZdVAW4ak,https://i.ytimg.com/vi/rH5ZdVAW4ak/hqdefault.jpg
Entering Somaliland from MOGADISHUğŸ‡¸ğŸ‡´,95K views,/watch?v=q65TW9ZZfVQ,https://i.ytimg.com/vi/q65TW9ZZfVQ/hqdefault.jpg
SOMALIA WAR & its future? What Somali People think about India?,37K views,/watch?v=YdsX8MKUYmA,https://i.ytimg.com/vi/YdsX8MKUYmA/hqdefault.jpg
"ARE THERE STILL PIRATES IN SOMALIA? ğŸ‡¸ğŸ‡´ JAZEERA BEACH, MOGADISHU",279K views,/watch?v=nLjklqrLpT4,https://i.ytimg.com/vi/nLjklqrLpT4/hqdefault.jpg
LIFE OF A COMEDIAN IN SOMALIA? INSPIRING! ğŸ‡¸ğŸ‡´,66K views,/watch?v=6Q4mkONw5A0,https://i.ytimg.com/vi/6Q4mkONw5A0/hqdefault.jpg
SOMALI FOOD & PRICES | MOGADISHU ğŸ‡¸ğŸ‡´,147K views,/watch?v=W4ZsZP9QyAM,https://i.ytimg.com/vi/W4ZsZP9QyAM/hqdefault.jpg
I Secretly filmed SOMALIA'S TOP SECRET PLACES! ğŸ‡¸ğŸ‡´,236K views,/watch?v=1Qk7UJ8olT0,https://i.ytimg.com/vi/1Qk7UJ8olT0/hqdefault.jpg
This LUXURIOUS HOTEL got DESTROYED - SOMALIA Civil War ğŸ‡¸ğŸ‡´,90K views,/watch?v=rrTDfm4ZaDo,https://i.ytimg.com/vi/rrTDfm4ZaDo/hqdefault.jpg
SURVIVING A DAY IN MOGADISHU - SOMALIA ğŸ‡¸ğŸ‡´,1.6M views,/watch?v=LKORzPfFCiI,https://i.ytimg.com/vi/LKORzPfFCiI/hqdefault.jpg
HOW SOMALIA REACTS TO INDIAN TOURIST? ğŸ‡¸ğŸ‡´ AMAZING PEOPLE & BEACHES!,868K views,/watch?v=XujOfZ5z6t4,https://i.ytimg.com/vi/XujOfZ5z6t4/hqdefault.jpg
MALL & MARKETS OF MOGADISHU SOMALIA ğŸ‡¸ğŸ‡´,654K views,/watch?v=bB89Y1pYe1k,https://i.ytimg.com/vi/bB89Y1pYe1k/hqdefault.jpg
A DAY IN MOGADISHU (SOMALIA) | YOU'LL BE SHOCKED!,1M views,/watch?v=jxlP9_glDQk,https://i.ytimg.com/vi/jxlP9_glDQk/hqdefault.jpg
DAY 1 IN MOGADISHU (SOMALIA): FIRST IMPRESSION | HINDI,860K views,/watch?v=zlFjq6YRJPk,https://i.ytimg.com/vi/zlFjq6YRJPk/hqdefault.jpg
"Dubai Desert Safari: Dune Bashing, Belly Dance, Food",95K views,/watch?v=X-ZC51MDTs8,https://i.ytimg.com/vi/X-ZC51MDTs8/hqdefault.jpg
"Life of Dubai: JBR, Palm, Skydive, Nightlife | Hindi",113K views,/watch?v=9AsRoQkNO88,https://i.ytimg.com/vi/9AsRoQkNO88/hqdefault.jpg
Travelling to DUBAI: FIRST TIME AFTER COVID | Dubai Marina | Hindi,58K views,/watch?v=2aqERqUI0Os,https://i.ytimg.com/vi/2aqERqUI0Os/hqdefault.jpg
RAKHI FROM ETHIOPA! Rakshabandhan Special,18K views,/watch?v=-gEDIqYYfIg,https://i.ytimg.com/vi/-gEDIqYYfIg/hqdefault.jpg
Syria Travel Process | How to Enter? | Visa | Cost,69K views,/watch?v=L0SbYK3sKJA,https://i.ytimg.com/vi/L0SbYK3sKJA/hqdefault.jpg
LEBANON VISA IN 2 DAYS!,50K views,/watch?v=BBqcacd3Gww,https://i.ytimg.com/vi/BBqcacd3Gww/hqdefault.jpg
"BAZAAR OF CAIRO, EGYPT | HINDI | BUYING EGYPTIAN HOOKAH",31K views,/watch?v=JanTjjGq_UY,https://i.ytimg.com/vi/JanTjjGq_UY/hqdefault.jpg
"My Africa Trip Expenses | Ethiopia, Egypt | Food, Flights, Hotels, etc.",21K views,/watch?v=vlffmENDCvE,https://i.ytimg.com/vi/vlffmENDCvE/hqdefault.jpg
SIDDI PEOPLE OF INDIA | AFRICA TO INDIA | HINDI,565K views,/watch?v=FuY4nXt_2Go,https://i.ytimg.com/vi/FuY4nXt_2Go/hqdefault.jpg
HOW AFRICANS LIVE IN INDIA?,4.7M views,/watch?v=2RcMO9jT2iU,https://i.ytimg.com/vi/2RcMO9jT2iU/hqdefault.jpg
"TRAVELING TO MINI AFRICA OF INDIA (Jambur, Gujarat) | Hindi",46K views,/watch?v=671IMQDhbo8,https://i.ytimg.com/vi/671IMQDhbo8/hqdefault.jpg
Veg Food in EGYPT & Prices | Sim Card | Hindi,394K views,/watch?v=0VIA5nlMCIY,https://i.ytimg.com/vi/0VIA5nlMCIY/hqdefault.jpg
How Egyptians treat Indian Tourist? | Egypt Nightlife | Hindi,75K views,/watch?v=b00vBVkWVTM,https://i.ytimg.com/vi/b00vBVkWVTM/hqdefault.jpg
How Pakistan treats Indian Customers? | Returning from Pakistan (Kartarpur) | Hindi,2.8M views,/watch?v=5_AfjOWXmSI,https://i.ytimg.com/vi/5_AfjOWXmSI/hqdefault.jpg
How Pakistanis Treat Indian Tourist? ğŸ‡µğŸ‡°ğŸ‡®ğŸ‡³,278K views,/watch?v=_awoxdpMs30,https://i.ytimg.com/vi/_awoxdpMs30/hqdefault.jpg
KARTARPUR CORRIDOR: Entry & Process | FREE Bus | Fees | Documents | Step by Step,119K views,/watch?v=2-wVr6eRS9k,https://i.ytimg.com/vi/2-wVr6eRS9k/hqdefault.jpg
DelhiğŸ‡®ğŸ‡³to Pakistan ğŸ‡µğŸ‡°(Kartarpur) | Indian in Pakistan,82K views,/watch?v=DWOcgjGxBdU,https://i.ytimg.com/vi/DWOcgjGxBdU/hqdefault.jpg
Cairo to Alexandria | Egypt Transport Prices | Eating with Syrians | Hindi,27K views,/watch?v=MSLFt_NByuI,https://i.ytimg.com/vi/MSLFt_NByuI/hqdefault.jpg
Longest River Ever: NILE Boat Tour | Hindi,25K views,/watch?v=bim8I5RJNj0,https://i.ytimg.com/vi/bim8I5RJNj0/hqdefault.jpg
Price of BEER in Egypt | Secretly trying Egyptian Beer (15% Alc.) | Hindi,34K views,/watch?v=THP2ck8CjN8,https://i.ytimg.com/vi/THP2ck8CjN8/hqdefault.jpg
"THE PYRAMIDS OF EGYPT: FACTS, SCAMS & PRICES | Hindi",192K views,/watch?v=wYMHg7AeA_U,https://i.ytimg.com/vi/wYMHg7AeA_U/hqdefault.jpg
First QnA! Expenses? My GF? My Height? My Workout? PASSENGER PARAMVIR,119K views,/watch?v=8rTkX-Y9FVI,https://i.ytimg.com/vi/8rTkX-Y9FVI/hqdefault.jpg
Addis Ababa to Cairo | Meeting my Friend after 3 years | Hindi,26K views,/watch?v=NbW3Nc7SwHU,https://i.ytimg.com/vi/NbW3Nc7SwHU/hqdefault.jpg
Egypt Visa | Complete Process | Hindi | Apply through Facebook | Visa Fee | Processing Time,37K views,/watch?v=z2ooCXjusJ8,https://i.ytimg.com/vi/z2ooCXjusJ8/hqdefault.jpg
Got my Phone back from Thieves in Ethiopia | Phone Stolen | Hindi,183K views,/watch?v=FO720b6WZfU,https://i.ytimg.com/vi/FO720b6WZfU/hqdefault.jpg
Indian Food in Ethiopia | No Money left for Bill | Hindi,162K views,/watch?v=eyhkkdGTluQ,https://i.ytimg.com/vi/eyhkkdGTluQ/hqdefault.jpg
Price of BEER in Ethiopia | Hindi | Indian in Africa,712K views,/watch?v=B7w5DuFVZ8M,https://i.ytimg.com/vi/B7w5DuFVZ8M/hqdefault.jpg
Ethiopian Coffee Ceremony | A Local PAID for my Coffee | Indian in Ethiopia | Hindi,52K views,/watch?v=XSucu5uWVQI,https://i.ytimg.com/vi/XSucu5uWVQI/hqdefault.jpg
"How Expensive is Ethiopia? Price of Milk, Vegetables, Snacks | Hindi",162K views,/watch?v=xjnIdriCndk,https://i.ytimg.com/vi/xjnIdriCndk/hqdefault.jpg
"Life of a Tour Guide in Ethiopia, Africa | Ari Tribe Village | Omo Valley",194K views,/watch?v=ZSKbXkoUHXw,https://i.ytimg.com/vi/ZSKbXkoUHXw/hqdefault.jpg
AFRICAN TRIBAL MARKET | Beer & Food Market | Part 2 | Indian in Ethiopia | Hindi | Omo Valley,966K views,/watch?v=HDRdtcrtUfs,https://i.ytimg.com/vi/HDRdtcrtUfs/hqdefault.jpg
TRIBAL MARKET OF AFRICA | Indian in Ethiopia | Hindi | Hamar & Banna Tribes | Omo Valley,1M views,/watch?v=zPWeYCeLUOs,https://i.ytimg.com/vi/zPWeYCeLUOs/hqdefault.jpg
HOW AFRICANS TREAT INDIANS? | Ethiopian Hospitality | Indian with Ethiopian Family,923K views,/watch?v=bJEIVrQWDWw,https://i.ytimg.com/vi/bJEIVrQWDWw/hqdefault.jpg
Indian vs. African | What Africans think about India? | Hindi,1.6M views,/watch?v=en61FsONuqc,https://i.ytimg.com/vi/en61FsONuqc/hqdefault.jpg
"Africa's Most Addictive Drug ""KHAT"" | Indian in Ethiopia | Hindi",149K views,/watch?v=RDtPGFcTOO8,https://i.ytimg.com/vi/RDtPGFcTOO8/hqdefault.jpg
"TRIBAL LIFE OF AFRICA | Hamar Tribe, Omo Valley",409K views,/watch?v=iyynVogAAiM,https://i.ytimg.com/vi/iyynVogAAiM/hqdefault.jpg
Inside the Life of World's Most Dangerous Tribe | Mursi People | Omo Valley | Hindi,5.6M views,/watch?v=WQhLHR5OGyw,https://i.ytimg.com/vi/WQhLHR5OGyw/hqdefault.jpg
Indian Works out with Africans | Hindi,375K views,/watch?v=7s93I-boT20,https://i.ytimg.com/vi/7s93I-boT20/hqdefault.jpg
Ethiopia by Bus | Addis Ababa to Jinka (Omo Valley),317K views,/watch?v=vxeOkvmma-s,https://i.ytimg.com/vi/vxeOkvmma-s/hqdefault.jpg
It's not 2019 in ETHIOPIA! Strange Calendar!,34K views,/watch?v=8tYyZJmAEAo,https://i.ytimg.com/vi/8tYyZJmAEAo/hqdefault.jpg
Delhi to Addis Ababa | Ethiopian Airlines | Indian in Africa,148K views,/watch?v=mDvqQbqRK9E,https://i.ytimg.com/vi/mDvqQbqRK9E/hqdefault.jpg
Ethiopia Visa Process | E-Visa | Visa on Arrival | Hindi,20K views,/watch?v=VcttpkoAYaI,https://i.ytimg.com/vi/VcttpkoAYaI/hqdefault.jpg
Yellow Fever & Polio Vaccines before travelling to Africa/South America | Hindi,60K views,/watch?v=JILudg06-uU,https://i.ytimg.com/vi/JILudg06-uU/hqdefault.jpg
FIRST YOUTUBE PAYMENT | How much can you earn on Youtube? Explained.,184K views,/watch?v=79S084uB_ik,https://i.ytimg.com/vi/79S084uB_ik/hqdefault.jpg
UK Visa for 2 Years with Cycle Baba | Everything about UK Tourist Visa,14K views,/watch?v=K2A_C3l9aYQ,https://i.ytimg.com/vi/K2A_C3l9aYQ/hqdefault.jpg
US Customs & Immigration Questions at Airport | Avoid Deportation | Hindi,657K views,/watch?v=10-KjfWoaFQ,https://i.ytimg.com/vi/10-KjfWoaFQ/hqdefault.jpg
How much Bags/Luggage is allowed in a Flight? Baggage Rules | What should you not carry?,350K views,/watch?v=1X7U6juaG5o,https://i.ytimg.com/vi/1X7U6juaG5o/hqdefault.jpg
"My Russia & Kazakhstan Trip Expense | Flights, Hotel, Visa, Food",34K views,/watch?v=hy2HXdKvByA,https://i.ytimg.com/vi/hy2HXdKvByA/hqdefault.jpg
Top 5 Visa Free Countries | Nightlife | Flights | Local Prices | Free Entry | Hindi,21K views,/watch?v=PrShtYQbONA,https://i.ytimg.com/vi/PrShtYQbONA/hqdefault.jpg
Europe SCHENGEN VISA Process | How to Apply | Documents | Step by step guide | Hindi,107K views,/watch?v=DKeOQWDOhZQ,https://i.ytimg.com/vi/DKeOQWDOhZQ/hqdefault.jpg
Intercepted by Police at Istanbul Airport | Things not to carry | Turkey Immigration | Hindi,81K views,/watch?v=qagjomlXimo,https://i.ytimg.com/vi/qagjomlXimo/hqdefault.jpg
"Hiking with my Russian Friends in Kuznechnoye, Russia | Hindi",126K views,/watch?v=Ub6Lt1AxyTY,https://i.ytimg.com/vi/Ub6Lt1AxyTY/hqdefault.jpg
Kazakhstan Travel Guide | Prices | Visa | Flights | Places (Hindi),125K views,/watch?v=uwol4toq5z8,https://i.ytimg.com/vi/uwol4toq5z8/hqdefault.jpg
Single vs Multiple Entry Tourist Visa | Hindi | Passenger Paramvir,22K views,/watch?v=JL1oKTCa-4s,https://i.ytimg.com/vi/JL1oKTCa-4s/hqdefault.jpg
How I got Russian Visa 2hrs before my Flight | My Visa Experience | IFS & Russian Embassy,13K views,/watch?v=_KURKatsAEg,https://i.ytimg.com/vi/_KURKatsAEg/hqdefault.jpg
Surprise visit to my Friends in Turkey!,17K views,/watch?v=dlLEOUGs_BQ,https://i.ytimg.com/vi/dlLEOUGs_BQ/hqdefault.jpg
RUSSIA VISA FULL & EASY PROCESS | INVITATION | FEE | DOCUMENTS,42K views,/watch?v=z_kXzqUe7OI,https://i.ytimg.com/vi/z_kXzqUe7OI/hqdefault.jpg
10$ Hotel in KAZAKHSTAN - Cheapest country for INDIANS? ğŸ‡°ğŸ‡¿,18K views,/watch?v=Wm8ci0Efnwg,https://i.ytimg.com/vi/Wm8ci0Efnwg/hqdefault.jpg
Get USA Visa for 10years | à¤¹à¤¿à¤‚à¤¦à¥€ | Visa Process | Interview | Documents | Interview Qs,1M views,/watch?v=DDzKZkcJ6J0,https://i.ytimg.com/vi/DDzKZkcJ6J0/hqdefault.jpg
AmazonBasics 75Litres Hiking Backpack Review | English | Best Hiking Backpack,31K views,/watch?v=b_HkSldz-T8,https://i.ytimg.com/vi/b_HkSldz-T8/hqdefault.jpg
Europe in 2 mins | Journey of a Lifetime - My Trip | Cities you must go,26K views,/watch?v=UrgryKNzcBA,https://i.ytimg.com/vi/UrgryKNzcBA/hqdefault.jpg
How to NOT get SCAMMED while Travelling? Taxi hacks in Kazakhstan ğŸ‡°ğŸ‡¿ | à¤¹à¤¿à¤‚à¤¦à¥€,57K views,/watch?v=PxfAo5ensok,https://i.ytimg.com/vi/PxfAo5ensok/hqdefault.jpg
