title,video_time,likes,views,description
"Trying to enter ""Mini-America"" of Africa! ğŸ‡¸ğŸ‡±ğŸ‡±ğŸ‡·",5 days ago,26K,451K views,"Crossing the Sierra Leone-Liberia border to reach Monrovia! ğŸ‡¸ğŸ‡±ğŸ‡±ğŸ‡·

Follow me on Instagram: paramvir_beniwal"
Confronted by Locals in Sierra Leone! ğŸ‡¸ğŸ‡±,8 days ago,20K,431K views,"Download kariye Astrotalk : https://astrotalk.com/link/paramvird 

My journey from Bo (Sierra Leoneâ€™s second largest city) to the Liberia border! ğŸ‡¸ğŸ‡±ğŸ‡±ğŸ‡·"
Crazy Bus Journeys of Sierra Leone: Freetown to Bo! ğŸ‡¸ğŸ‡±,13 days ago,22K,477K views,"My journey from Freetown to Bo in Sierra Leone ğŸ‡¸ğŸ‡±

Link to enroll in my course ""HOW TO GET PAID TO TRAVEL THE WORLD?"" : https://www.pas"
How INDIA HELPED AFRICANS? ğŸ‡®ğŸ‡³â¤ï¸ğŸ‡¸ğŸ‡±,2 weeks ago,40K,727K views,"Donating volleyball kits and shoes to kids in Sierra Leone! ğŸ‡¸ğŸ‡±

Link to enroll in my course ""HOW TO GET PAID TO TRAVEL THE WORLD?"" : https://www.pas"
Country of Blood Diamond & Freed Slaves: Sierra Leone! ğŸ‡¸ğŸ‡± (My favourite country in West Africa!),2 weeks ago,21K,524K views,"Exploring Freetown, the capital of Sierra Leone ğŸ‡¸ğŸ‡±

Link to enroll in my course ""HOW TO GET PAID TO TRAVEL THE WORLD?"" : https://www.pas"
Overwhelmed by the PEOPLE of Sierra Leone! ğŸ‡¸ğŸ‡±,4 weeks ago,26K,735K views,"Walking the Funkia Market in Freetown, Sierra Leone ğŸ‡¸ğŸ‡±

ğŸš€ Experience the joy of trading on Binomo and earn up to 5000 INR per day: https://binom"
Traveling to the Country of Diamond Mines! ğŸ’ğŸ‡¸ğŸ‡±,1 month ago,30K,855K views,"Arriving in Freetown, Sierra Leone ğŸ‡¸ğŸ‡±  from Brussels, Belgium! ğŸ‡§ğŸ‡ª

Waheguru Travels:"
FREE Europe Trip for Cancelled Flight! ğŸ‡§ğŸ‡ªğŸ‡¨ğŸ‡­ğŸ‡¸ğŸ‡±,1 month ago,25K,570K views,"Flying to Brussels, Belgium ğŸ‡§ğŸ‡ª  via Zurich, Switzerland! ğŸ‡¨ğŸ‡­ 

Link to enroll in my course ""HOW TO GET PAID TO TRAVEL THE WORLD?"" : https://www.pas"
Flying back to India after Visiting 81 Countries!,1 month ago,24K,506K views,"Flying from Conakry, Guinea ğŸ‡¬ğŸ‡³ to Delhi, India! ğŸ‡®ğŸ‡³

Download Zupee - https://app.adjust.com/18e9zrrk?redir... "
Why no one visits this country in West Africa? ğŸ‡¬ğŸ‡³,2 months ago,20K,483K views,"Visiting the Dubreka falls in Guinea! ğŸ‡¬ğŸ‡³

Follow me on Instagram: paramvir_beniwal"
Flying to West Africa's Least Visited Country: Guinea! ğŸ‡¬ğŸ‡³,2 months ago,30K,922K views,"My journey from Dakar, Senegal ğŸ‡¸ğŸ‡³ to Conakry, Guinea ğŸ‡¬ğŸ‡³

Follow me on Instagram: paramvir_beniwal"
Fight b/w Passengers & Airport Staff in Africa: Bissau to Dakar! ğŸ‡¬ğŸ‡¼ğŸ‡¸ğŸ‡³,2 months ago,27K,893K views,"Chaotic plane journey from Bissau to Dakar ğŸ‡¬ğŸ‡¼ğŸ‡¸ğŸ‡³

Follow me on Instagram: paramvir_beniwal"
Portuguese Country in Africa with NO Electricity: GUINEA BISSAU! ğŸ‡¬ğŸ‡¼,2 months ago,31K,1M views,"Exploring Bissau, the capital city of Guinea Bissau. ğŸ‡¬ğŸ‡¼

Follow me on Instagram: paramvir_beniwal"
Exposing the WORST Border-Crossings of West-Africa!,2 months ago,38K,1.1M views,"Border crossing from Gambia-Senegal and later Senegal-Guinea Bissau.

Follow me on Instagram: paramvir_beniwal"
"Local Markets of Mainland Africa's SMALLEST Country, the Gambia! ğŸ‡¬ğŸ‡²",2 months ago,24K,736K views,"Visiting the Serekunda and fish market in the Gambia! ğŸ‡¬ğŸ‡² 

Follow me on Instagram: paramvir_beniwal"
Life in Gambia: Africaâ€™s Smiling Coast! ğŸ‡¬ğŸ‡²,3 months ago,21K,620K views,"Exploring the local markets and crocodile park of the Gambia! ğŸ‡¬ğŸ‡² 

Follow me on Instagram: paramvir_beniwal"
Inside the Dark Reality of Gambia's S*x Tourism! ğŸ‡¬ğŸ‡²,3 months ago,98K,5.5M views,"As the Gambia has become a preferred destination for European women seeking sexual pleasure with available African â€˜toyâ€™ boys since the 1990s, let me take you through one of the most well-known areas for sex tourism in the Gambia, the 'Senegambia strip', while addressing the dar"
Traveling to Smiling Coast of Africa: The Gambia!ğŸ‡¬ğŸ‡²,3 months ago,20K,510K views,"Travelling to Banjul, The Gambia ğŸ‡¬ğŸ‡² from Dakar, Senegal! ğŸ‡¸ğŸ‡³

Follow me on Instagram: paramvir_beniwal"
"Bizarre Nightlife of Bamako, Mali! ğŸ‡²ğŸ‡±",3 months ago,24K,710K views,"Nightlife of Bamako, Mali! ğŸ‡²ğŸ‡± 

Follow me on Instagram: paramvir_beniwal"
INSIDE THE JIHAD-CRISIS OF MALI (AFRICA)! ğŸ‡²ğŸ‡±,3 months ago,21K,512K views,"Wandering in Bamako, Mali! ğŸ‡²ğŸ‡± 

Follow me on Instagram: paramvir_beniwal"
Inside the Shocking VOODOO Market of Mali! ğŸ‡²ğŸ‡±,3 months ago,41K,1.9M views,"Exploring the Fetish/Voodoo markets of Bamako, Mali! ğŸ‡²ğŸ‡± 

Follow me on Instagram: paramvir_beniwal"
Flying to the MOST CORRUPT Country in AFRICA! ğŸ‡²ğŸ‡±,3 months ago,26K,967K views,"My journey from Cape Verde to Mali via Dakar, Senegal and my first day in Bamako, Mali ğŸ‡¨ğŸ‡»ğŸ‡¸ğŸ‡³ğŸ‡²ğŸ‡± 

Follow me on Instagram: paramvir_beniwal"
Inside Cape Verde's Oldest Settlement: Cidade Velha! ğŸ‡¨ğŸ‡»,3 months ago,20K,520K views,"Exploring Cape Verde's oldest settlement: Cidade Velha on Santiago Island! ğŸ‡¨ğŸ‡»

Follow me on Instagram: paramvir_beniwal"
Country of Mixed Europeans in Africa: Cape Verde! ğŸ‡¨ğŸ‡»,3 months ago,34K,912K views,"Exploring the capital of Cape Verde, Praia! ğŸ‡¨ğŸ‡»

Follow me on Instagram: paramvir_beniwal"
Flying to Country of Most Beautiful People: Cabo Verde! ğŸ‡¨ğŸ‡»,4 months ago,41K,1.2M views,"Travelling to Praia, Cape Verde ğŸ‡¨ğŸ‡» from Dakar, Senegal! ğŸ‡¸ğŸ‡³

Follow me on Instagram: paramvir_beniwal"
"Inside Africa's Most Expensive City: Dakar, Senegal! ğŸ‡¸ğŸ‡³",4 months ago,24K,773K views,"Exploring the capital of Senegal, Dakar, which also happens to be the most expensive city to live in Africa! ğŸ‡¸ğŸ‡³
"
Traveling to Africa's Most Expensive City! Mauritania to Senegal by Land! ğŸ‡²ğŸ‡·ğŸ‡¸ğŸ‡³,4 months ago,25K,650K views,"My journey from Nouakchott, Mauritania to Dakar, Senegal! ğŸ‡²ğŸ‡·ğŸ‡¸ğŸ‡³

Follow me on Instagram: paramvir_beniwal"
"Life in Africa's STRANGEST Capital: Nouakchott, Mauritania! ğŸ‡²ğŸ‡·",4 months ago,29K,697K views,"My last days in Mauritania's capital: Nouakchott! ğŸ‡²ğŸ‡·

Follow me on Instagram: paramvir_beniwal"
Extreme Journey in Africa's Sahara Desert! ğŸ‡²ğŸ‡· Choum to Nouakchott,4 months ago,32K,903K views,"Travelling from Choum to Mauritania's capital ""Nouakchott""! ğŸ‡²ğŸ‡·

Link to enroll in my course ""HOW TO GET PAID TO TRAVEL THE WORLD?"" : https://www.pas"
Scariest Border-Crossing with Landmines in Sahara Desert! ğŸ‡²ğŸ‡¦ğŸ‡²ğŸ‡·,4 months ago,40K,1.5M views,"Border crossing to Mauritania from Western Sahara! ğŸ‡²ğŸ‡¦ğŸ‡²ğŸ‡·

Link to enroll in my course ""HOW TO GET PAID TO TRAVEL THE WORLD?"" : https://www.pas"
Almost DIED on the World's Worst Train in Sahara Desert! ğŸ‡²ğŸ‡·,4 months ago,93K,3.5M views,"Riding the loaded Iron-ore train from Zouerat to Choum, Mauritania! ğŸ‡²ğŸ‡·

Link to enroll in my course ""HOW TO GET PAID TO TRAVEL THE WORLD?"" : https://www.pas"
Surviving the World's Deadliest Train Journey in Sahara Desert! ğŸ‡²ğŸ‡·,4 months ago,51K,2.4M views,"Riding the Iron-ore train from Nouadhibou to Zouerat, Mauritania! ğŸ‡²ğŸ‡·

Link to enroll in my course ""HOW TO GET PAID TO TRAVEL THE WORLD?"" : https://www.pas"
First Impressions of Mauritania ğŸ‡²ğŸ‡· Indian YouTubers are BANNED here!,4 months ago,29K,1.3M views,"First impressions of Nouadhibou, Mauritania! ğŸ‡²ğŸ‡·

Link to enroll in my course ""HOW TO GET PAID TO TRAVEL THE WORLD?"" : https://www.pas"
Inside Worldâ€™s Least Densely Populated Region: Western Sahara! (Dakhla) ğŸ‡²ğŸ‡¦,5 months ago,16K,543K views,"My first days in Dakhla, Western Sahara! ğŸ‡²ğŸ‡¦

Link to enroll in my course ""HOW TO GET PAID TO TRAVEL THE WORLD?"" : https://www.pas"
Traveling to an ISLAND in SAHARA DESERT!! ğŸ‡²ğŸ‡¦,5 months ago,19K,550K views,"Travelling from Laayoune to Dakhla in Western Sahara! ğŸ‡²ğŸ‡¦

Link to enroll in my course ""HOW TO GET PAID TO TRAVEL THE WORLD?"" : https://www.pas"
"Inside Africaâ€™s Most DISPUTED Territory: Laayoune, Western Sahara! ğŸ‡²ğŸ‡¦",5 months ago,24K,909K views,"Life in Western Saharaâ€™s largest city: Laayoune! ğŸ‡²ğŸ‡¦

Link to enroll in my course ""HOW TO GET PAID TO TRAVEL THE WORLD?"" : https://www.pas"
Visiting Africa's Most Disputed Territory: Western Sahara! ğŸ‡²ğŸ‡¦,5 months ago,17K,536K views,"Travelling to Laayoune (Western/Moroccan Sahara) from Marrakesh ğŸ‡²ğŸ‡¦

Link to enroll in my course ""HOW TO GET PAID TO TRAVEL THE WORLD?"" : https://www.pas"
Life in MOROCCO after the Earthquake! ğŸ‡²ğŸ‡¦,5 months ago,17K,605K views,"Travelling to Marrakesh, Morocco ğŸ‡²ğŸ‡¦ from Berlin, Germany! ğŸ‡©ğŸ‡ª 

Link to enroll in my course ""HOW TO GET PAID TO TRAVEL THE WORLD?"" : https://www.pas"
"Visiting the World's Biggest Beer festival: Oktoberfest, Germany! ğŸ‡©ğŸ‡ª",5 months ago,29K,1.4M views,"Attending the Oktoberfest in Munich, Germany! ğŸ‡©ğŸ‡ª 

Link to enroll in my course ""HOW TO GET PAID TO TRAVEL THE WORLD?"" : https://www.pas"
The DISAPPEARING Country: Marshall Islands! ğŸ‡²ğŸ‡­,5 months ago,20K,855K views,"Exploring Marshall Islands ğŸ‡²ğŸ‡­ 

Link to enroll in my course ""HOW TO GET PAID TO TRAVEL THE WORLD?"" : https://www.pas"
"Visiting 5 Pacific Countries in 24 Hours by Plane! (Nauru, Marshall Islands, Kiribati, Micronesia)",6 months ago,13K,458K views,"Traveling from Nauru ğŸ‡³ğŸ‡·  to Marshall Islands ğŸ‡²ğŸ‡­ via Kiribati ğŸ‡°ğŸ‡® and Micronesia! ğŸ‡«ğŸ‡²ğŸ‡°ğŸ‡®

Link to enroll in my course ""HOW TO GET PAID TO TRAVEL THE WORLD?"" : https://www.pas"
Walking across an entire country on foot: Nauru! ğŸ‡³ğŸ‡·,6 months ago,16K,503K views,"Nauru: Walking the country on foot! ğŸ‡³ğŸ‡·

Link to enroll in my course ""HOW TO GET PAID TO TRAVEL THE WORLD?"" : https://www.pas"
Nauru: Spending 100 Hours in a Car! ğŸ‡³ğŸ‡·,6 months ago,16K,524K views,"Car life in Nauru ğŸ‡³ğŸ‡·

Link to enroll in my course ""HOW TO GET PAID TO TRAVEL THE WORLD?"" : https://www.pas"
How did World's Richest Country become the POOREST? ğŸ‡³ğŸ‡·,6 months ago,41K,2.2M views,"Exploring Nauru: from riches to rags! ğŸ‡³ğŸ‡·

Link to enroll in my course ""HOW TO GET PAID TO TRAVEL THE WORLD?"" : https://www.pas"
Traveling to World's MOST CORRUPT Country: NAURU (Richest to Poorest!) ğŸ‡³ğŸ‡·,6 months ago,21K,1.2M views,"Arriving in Nauru from Fiji: first day! ğŸ‡³ğŸ‡·

Link to enroll in my course ""HOW TO GET PAID TO TRAVEL THE WORLD?"" : https://www.pas"
Tonga Kingdom: Pacific's only Monarchy! ğŸ‡¹ğŸ‡´ Flying to Fiji ğŸ‡«ğŸ‡¯,6 months ago,16K,515K views,"My days in Tonga ğŸ‡¹ğŸ‡´

Link to enroll in my course ""HOW TO GET PAID TO TRAVEL THE WORLD?"" : https://www.pas"
Scariest Experience in Oceania's ONLY Monarchy: TONGA! ğŸ‡¹ğŸ‡´,6 months ago,51K,2.1M views,"Arriving in Tonga ğŸ‡¹ğŸ‡´ from Samoa ğŸ‡¼ğŸ‡¸ 

Link to enroll in my course ""HOW TO GET PAID TO TRAVEL THE WORLD?"" : https://www.pas"
Inside the World's Most OBESE Country: SAMOA! ğŸ‡¼ğŸ‡¸,6 months ago,21K,649K views,"Spending almost a week in Samoa ğŸ‡¼ğŸ‡¸ 

Link to enroll in my course ""HOW TO GET PAID TO TRAVEL THE WORLD?"" : https://www.pas"
Traveling to World's FATTEST Country: SAMOA! ğŸ‡¼ğŸ‡¸,6 months ago,32K,1.2M views,"Travelling to Apia, Samoa ğŸ‡¼ğŸ‡¸  from Fiji ğŸ‡«ğŸ‡¯ 

Link to enroll in my course ""HOW TO GET PAID TO TRAVEL THE WORLD?"" : https://www.pas"
Inside the Sinking ğŸ Country: TUVALU! ğŸ‡¹ğŸ‡» (World's Least Visited Nation!),6 months ago,26K,2.3M views,"Last days in Tuvalu: World's least visited country! ğŸ‡¹ğŸ‡» 

Link to enroll in my course ""HOW TO GET PAID TO TRAVEL THE WORLD?"" : https://www.pas"
Inside the World's LEAST Visited Country: TUVALU! ğŸ‡¹ğŸ‡»,6 months ago,24K,1M views,"First day in the World's Least Visited Country: Tuvalu ğŸ‡¹ğŸ‡» 

Link to enroll in my course ""HOW TO GET PAID TO TRAVEL THE WORLD?"" : https://www.pas"
Traveling to the LEAST VISITED COUNTRY IN THE WORLD! ğŸ‡¹ğŸ‡»,6 months ago,12K,396K views,"Travelling to the World's Least Visited Country: Tuvalu ğŸ‡¹ğŸ‡» from Nadi, Fiji! ğŸ‡«ğŸ‡¯ 

Link to enroll in my course ""HOW TO GET PAID TO TRAVEL THE WORLD?"" : https://www.pas"
"FIJI: This Country is called ""MINI INDIA""!! How Fijians treat Indian Tourist? ğŸ‡«ğŸ‡¯ğŸ‡®ğŸ‡³",6 months ago,44K,2M views,"My first days in Lautoka and Nadi, Fiji! ğŸ‡«ğŸ‡¯ 

Link to enroll in my course ""HOW TO GET PAID TO TRAVEL THE WORLD?"" : https://www.pas"
Traveling to Mini India: FIJI ğŸ‡«ğŸ‡¯ from VANUATU! ğŸ‡»ğŸ‡º,6 months ago,17K,550K views,"Travelling from Port Vila, Vanuatu to Nadi, Fiji! ğŸ‡»ğŸ‡ºğŸ‡«ğŸ‡¯ 

Link to enroll in my course ""HOW TO GET PAID TO TRAVEL THE WORLD?"" : https://www.pas"
Traveling to VANUATU ğŸ‡»ğŸ‡º from SOLOMON ISLANDS! ğŸ‡¸ğŸ‡§,6 months ago,11K,332K views,"Travelling from Honiara, Solomon Islands to Port Vila, Vanuatu! ğŸ‡¸ğŸ‡§ğŸ‡»ğŸ‡º

Link to enroll in my course ""HOW TO GET PAID TO TRAVEL THE WORLD?"" : https://www.pas"
Traveling to Country of Earthquakes and NO Military: Solomon Islands! ğŸ‡¸ğŸ‡§,6 months ago,21K,815K views,"Travelling from Port Moresby, Papua New Guinea to Honiara, Solomon Islands. ğŸ‡µğŸ‡¬ğŸ‡¸ğŸ‡§

Link to enroll in my course ""HOW TO GET PAID TO TRAVEL THE WORLD?"" : https://www.pas"
Inside The World's Worst Rated Capital City: Port Moresby ğŸ‡µğŸ‡¬,6 months ago,19K,844K views,"Exploring Papua New Guinea's capital, Port Moresby! ğŸ‡µğŸ‡¬

Link to enroll in my course ""HOW TO GET PAID TO TRAVEL THE WORLD?"" : https://www.pas"
Inside World's Most Violent City: PORT MORESBY ğŸ‡µğŸ‡¬,7 months ago,35K,1.6M views,"First days in the capital city of Papua New Guinea: Port Moresby! ğŸ‡µğŸ‡¬

Link to enroll in my course ""HOW TO GET PAID TO TRAVEL THE WORLD?"" : https://www.pas"
"Traveling to World's Most Dangerous City: Port Moresby, Papua New Guinea! ğŸ‡µğŸ‡¬",7 months ago,25K,1M views,"Travelling to Port Moresby, PNG ğŸ‡µğŸ‡¬ from Koror, Palau! ğŸ‡µğŸ‡¼  

Link to enroll in my course ""HOW TO GET PAID TO TRAVEL THE WORLD?"" : https://www.pas"
Flying an Airplane across WORLD'S MOST SECRET COUNTRY! Palau ğŸ‡µğŸ‡¼,7 months ago,14K,416K views,"Exploring Palau islands from a plane! ğŸ‡µğŸ‡¼  

Link to enroll in my course ""HOW TO GET PAID TO TRAVEL THE WORLD?"" : https://www.pas"
Inside the World's Most SECRET Country: Palau ğŸ‡µğŸ‡¼,7 months ago,21K,753K views,"Exploring Palau by Car! ğŸ‡µğŸ‡¼  

Link to enroll in my course ""HOW TO GET PAID TO TRAVEL THE WORLD?"" : https://www.pas"
Traveling to World's Most Hidden Country: Palau ğŸ‡µğŸ‡¼ | Paradise in Pacific,7 months ago,24K,898K views,"Travelling to Palau ğŸ‡µğŸ‡¼ from Taipei, Taiwan ğŸ‡¹ğŸ‡¼ 

Link to enroll in my course ""HOW TO GET PAID TO TRAVEL THE WORLD?"" : https://www.pas"
"Living in Desert with Arab Nomads in WADI RUM, JORDAN ğŸ‡¯ğŸ‡´",7 months ago,36K,1.4M views,"Spending a night in Wadi Rum Desert and experiencing the Bedouin lifestyle in Jordan ğŸ‡¯ğŸ‡´ 

Salem's YouTube: Â Â Â /Â @ucp2apsqooki8zhc6l5niq9wÂ Â  "
Living in a Car to Save Money in USA: A Day in the Life ğŸ‡ºğŸ‡¸,7 months ago,21K,685K views,"Car Life in America ğŸ‡ºğŸ‡¸ 

Link to enroll in my course ""HOW TO GET PAID TO TRAVEL THE WORLD?"" : https://www.pas"
"NEVER DO THIS in MEDELLIN, Colombia! ğŸ‡¨ğŸ‡´",7 months ago,32K,1.4M views,"Things not to do in Medellin, Colombia ğŸ‡¨ğŸ‡´

Link to enroll in my course ""HOW TO GET PAID TO TRAVEL THE WORLD?"" : https://www.pas"
"Nightlife of MEDELLIN, COLOMBIA! ğŸ‡¨ğŸ‡´",7 months ago,38K,1.7M views,"Exploring Provenza, El Poblado: The nightlife district of Medellin, Colombia! ğŸ‡¨ğŸ‡´

Link to enroll in my course ""HOW TO GET PAID TO TRAVEL THE WORLD?"" : https://www.pas"
"Deep Inside World's Most Notorious Hood: Comuna 13, Medellin ğŸ‡¨ğŸ‡´",7 months ago,25K,1M views,"Walking tour of the vibrant Comuna 13 in Medellin, Colombia! ğŸ‡¨ğŸ‡´

Link to enroll in my course ""HOW TO GET PAID TO TRAVEL THE WORLD?"" : https://www.pas"
Inside the Life & Prison of Colombia's Cartel King: PABLO ESCOBAR ğŸ‡¨ğŸ‡´,7 months ago,87K,5.4M views,"Visiting the ""King of Cocaine"" Pablo Escobar's Cemetery and Prison in Medellin as we explore and discuss about his lifestyle and crimes ğŸ‡¨ğŸ‡´
"
"Traveling to the City of Drugs, Crime and Women: Medellin, Colombia! ğŸ‡¨ğŸ‡´",7 months ago,21K,618K views,"My journey from Colombia's capital Bogota to Medellin ğŸ‡¨ğŸ‡´

Link to enroll in my course ""HOW TO GET PAID TO TRAVEL THE WORLD?"" : https://www.pas"
Phone Snatching in Colombia's Capital: BOGOTA ğŸ‡¨ğŸ‡´ (BE CAREFUL!),7 months ago,31K,1.2M views,"Exploring Bogota, Colombia ğŸ‡¨ğŸ‡´  on foot! 

Link to enroll in my course ""HOW TO GET PAID TO TRAVEL THE WORLD?"" : https://www.pas"
Travelling to COLOMBIA! ğŸ‡¨ğŸ‡´ (First Day),7 months ago,19K,488K views,"Travelling to Bogota, Colombia ğŸ‡¨ğŸ‡´ from Santo Domingo, Dominican Republic! ğŸ‡©ğŸ‡´

Link to enroll in my course ""HOW TO GET PAID TO TRAVEL THE WORLD?"" : https://www.pas"
Cheapest Country for Indians: DOMINICAN REPUBLIC ğŸ‡©ğŸ‡´ ?,7 months ago,20K,645K views,"Prices in Santo Domingo, Dominican Republic ğŸ‡©ğŸ‡´

Link to enroll in my course ""HOW TO GET PAID TO TRAVEL THE WORLD?"" : https://www.pas"
Girls in THIS Country Treat me like a VIP! DOMINICAN REPUBLIC ğŸ‡©ğŸ‡´,7 months ago,46K,3M views,"Exploring Santo Domingo, Dominican Republic ğŸ‡©ğŸ‡´

Link to enroll in my course ""HOW TO GET PAID TO TRAVEL THE WORLD?"" : https://www.pas"
GET PAID TO TRAVEL THE WORLD? à¤¦à¥à¤¨à¤¿à¤¯à¤¾ à¤˜à¥‚à¤®à¤¨à¥‡ à¤•à¥‡ à¤ªà¥ˆà¤¸à¥‡ à¤•à¥ˆà¤¸à¥‡ à¤•à¤®à¤¾à¤?,7 months ago,2.6K,81K views,"Link to enroll in my course ""HOW TO GET PAID TO TRAVEL THE WORLD?"" : https://www.passengerparamvir.com
"
HAITI to DOMINICAN REPUBLIC Border Crossing by Bus ğŸ‡­ğŸ‡¹ğŸ‡©ğŸ‡´,7 months ago,27K,1.1M views,"My bus journey from Cap-Haitien (Haiti ğŸ‡­ğŸ‡¹) to Santo Domingo (Doninican Republic ğŸ‡©ğŸ‡´).

Link to enroll in my course ""HOW TO GET PAID TO TRAVEL THE WORLD?"" : https://www.pas"
HAITIAN GIRLS FIGHT EACH-OTHER FOR MY NUMBER!  ğŸ‡­ğŸ‡¹,7 months ago,27K,1M views,"Walking the streets of Cap Haitien as I get approached by local women at a restaurant ğŸ‡­ğŸ‡¹.

Link to enroll in my course ""HOW TO GET PAID TO TRAVEL THE WORLD?"" : https://www.pas"
Got Attacked in the Poorest & MOST Dangerous Country: Haiti! ğŸ‡­ğŸ‡¹,7 months ago,184K,12M views,"Getting attacked by a local in Haiti and exploring the streets of Cap Haitien ğŸ‡­ğŸ‡¹.

Link to enroll in my course ""HOW TO GET PAID TO TRAVEL THE WORLD?"" : https://www.pas"
Haiti: Poorest & Most Dangerous Country of Western Hemisphere! ğŸ‡­ğŸ‡¹,7 months ago,14K,683K views,"Arriving in Cap-Haitien, Haiti ğŸ‡­ğŸ‡¹ from Nassau, Bahamas ğŸ‡§ğŸ‡¸ . Haiti is going through an extreme crisis and the country considered to be the poorest in the entire Western Hemisphere and the Americas.
"
"BAHAMAS: City Tour, Prices, Transport, Supermarket, Facts & EVERYTHING! ğŸ‡§ğŸ‡¸",8 months ago,12K,511K views,"Exploring the capital city of Nassau in Bahamas ğŸ‡§ğŸ‡¸

Link to enroll in my course ""HOW TO GET PAID TO TRAVEL THE WORLD?"" : https://www.pas"
RACISM against Indians by Locals in The BAHAMAS ğŸ‡§ğŸ‡¸ | Jamaica to Nassau,8 months ago,18K,929K views,"Unpleasant experiences during our journey from Kingston Jamaica ğŸ‡¯ğŸ‡² to our hostel in Nassau, Bahamas ğŸ‡§ğŸ‡¸ğŸ‡¯ğŸ‡²
"
Why is JAMAICA the FASTEST COUNTRY in the WORLD? ğŸ‡¯ğŸ‡²,8 months ago,12K,479K views,"Spending a day in Kingstown, Jamaica: Country of fastest sprinters! ğŸ‡¯ğŸ‡²

Link to enroll in my course ""HOW TO GET PAID TO TRAVEL THE WORLD?"" : https://www.pas"
FIRST IMPRESSIONS OF JAMAICA! ğŸ‡¯ğŸ‡² (Antigua to Kingston),8 months ago,9.3K,350K views,"Anitgua & Barbuda ğŸ‡¦ğŸ‡¬ to Kingston, Jamaica ğŸ‡¯ğŸ‡²

Link to enroll in my course ""HOW TO GET PAID TO TRAVEL THE WORLD?"" : https://www.pas"
Record Attempt for FASTEST International Trip by Plane! ğŸ‡¦ğŸ‡¬-ğŸ‡°ğŸ‡³-ğŸ‡¦ğŸ‡¬,8 months ago,17K,619K views,"Taking the flight to St Nevis & Kitts ğŸ‡°ğŸ‡³ from Antigua ğŸ‡¦ğŸ‡¬ and returning back to Antigua with same flight after landing! 
"
Visiting Cricket Stadium in WEST INDIES! Favourite Indian Cricketer? ğŸ‡¦ğŸ‡¬ğŸ‡®ğŸ‡³,8 months ago,10K,382K views,"Visiting the Sir Vivian Richards Stadium in Antigua (West Indies)

Link to enroll in my course ""HOW TO GET PAID TO TRAVEL THE WORLD?"" : https://www.pas"
HOW EXPENSIVE IS CARIBBEAN/ WEST INDIES? ğŸ‡¦ğŸ‡¬ Antigua & Barbuda,8 months ago,6.9K,194K views,"Going to an Indian restaurant and a supermarket in Saint John's, Antigua & Barbuda ğŸ‡¦ğŸ‡¬ (Caribbean). 

Link to enroll in my course ""HOW TO GET PAID TO TRAVEL THE WORLD?"" : https://www.pas"
LOCAL TRANSPORT OF WEST INDIES | Barbados ğŸ‡§ğŸ‡§ to Antigua & Barbuda ğŸ‡¦ğŸ‡¬,8 months ago,9.9K,334K views,"De-boarding the Caribbean cruise in Barbados ğŸ‡§ğŸ‡§ and travelling to Antigua & Barbuda ğŸ‡¦ğŸ‡¬ the next day.
"
DOMINICA & ST LUCIA: Best & Worst Countries of Caribbean! ğŸ‡©ğŸ‡²ğŸ‡±ğŸ‡¨,8 months ago,10K,421K views,"Visiting Dominica ğŸ‡©ğŸ‡² and Saint Lucia ğŸ‡±ğŸ‡¨ in the Caribbean Cruise.

Link to enroll in my course ""HOW TO GET PAID TO TRAVEL THE WORLD?"" : https://www.pas"
Country of Pirates of the Caribbean: St Vincent & the Grenadines ğŸ‡»ğŸ‡¨,8 months ago,11K,348K views,"Day 5 on the Caribbean Cruise: Saint Vincent and the Grenadines! ğŸ‡»ğŸ‡¨

Link to enroll in my course ""HOW TO GET PAID TO TRAVEL THE WORLD?"" : https://www.pas"
CARIBBEAN CRUISE: GRENADA ğŸ‡¬ğŸ‡© (West Indies),8 months ago,9.4K,318K views,"Day 4 at the Caribbean Cruise: Exploring Grenada

Link to enroll in my course ""HOW TO GET PAID TO TRAVEL THE WORLD?"" : https://www.pas"
West Indies: TRINIDAD & TOBAGO | Caribbean Cruise,8 months ago,11K,445K views,"Days 2&3 at the Cruise: Exploring Trinidad and Tobago.

Link to enroll in my course ""HOW TO GET PAID TO TRAVEL THE WORLD?"" : https://www.pas"
Taking a Luxury Cruise Ship in CARIBBEAN for $$$$?,8 months ago,14K,501K views,"Link to enroll in my course ""HOW TO GET PAID TO TRAVEL THE WORLD?"" : https://www.passengerparamvir.com
"
FIRST DAY IN WEST INDIES: BARBADOS ğŸ‡§ğŸ‡§,8 months ago,10K,379K views,"Travelling to the Caribbean: Bridgetown, Barbados ğŸ‡§ğŸ‡§

Link to enroll in my course ""HOW TO GET PAID TO TRAVEL THE WORLD?"" : https://www.pas"
THE PANAMA CANAL: Only place where ships CLIMB! Most Important Waterway ğŸ‡µğŸ‡¦,8 months ago,16K,620K views,"Visiting the Panama Canal ğŸ‡µğŸ‡¦ 

Link to enroll in my course ""HOW TO GET PAID TO TRAVEL THE WORLD?"" : https://www.pas"
ENTERING PANAMA ğŸ‡µğŸ‡¦ FROM COSTA RICA ğŸ‡¨ğŸ‡·,8 months ago,22K,924K views,"Travelling to Panama city ğŸ‡µğŸ‡¦ from San Jose, Costa Rica ğŸ‡¨ğŸ‡·

Link to enroll in my course ""HOW TO GET PAID TO TRAVEL THE WORLD?"" : https://www.pas"
THE COUNTRY WITH NO ARMY: COSTA RICA! ğŸ‡¨ğŸ‡·,8 months ago,19K,732K views,"Exploring the Capital city of San Jose and it's neighbouring areas.

Link to enrol in my course ""HOW TO GET PAID TO TRAVEL THE WORLD?"" : https://www.pass"
Traveling to the Country with NO ARMY! ğŸ‡¨ğŸ‡·,9 months ago,13K,324K views,"Travelling to Costa Rica via Guatemala from Honduras! ğŸ‡­ğŸ‡³ğŸ‡¬ğŸ‡¹ğŸ‡¨ğŸ‡·

Link to enrol in my course ""HOW TO GET PAID TO TRAVEL THE WORLD?"" : https://www.pass"
HOW TO GET PAID TO TRAVEL THE WORLD? ğŸ“New York ğŸ‡ºğŸ‡¸,9 months ago,26K,776K views,"Link to enrol in my course ""HOW TO GET PAID TO TRAVEL THE WORLD?"" : https://www.passengerparamvir.com
"
The SECRET Lake Party of El Salvador! ğŸ‡¸ğŸ‡»,9 months ago,21K,633K views,"Partying at the Coatepeque lake near Santa Ana in El Salvador ğŸ‡¸ğŸ‡»

Link to enrol in my course ""HOW TO GET PAID TO TRAVEL THE WORLD?"" : https://www.pass"
SURVIVING EXTREME VOLCANO BOARDING IN NICARAGUA! ğŸ‡³ğŸ‡®,9 months ago,40K,1.4M views,"Cerro Negro Volcano Boarding and Surfing in Leon, Nicaragua.

Link to enrol in my course ""HOW TO GET PAID TO TRAVEL THE WORLD?"" : https://www.pass"
"WALKING THE STREETS OF LEON, NICARAGUA ğŸ‡³ğŸ‡®",10 months ago,18K,547K views,"Exploring Leon, Nicaragua ğŸ‡³ğŸ‡® 

Follow me on Instagram: paramvir_beniwal"
The Shocking Reality of NICARAGUA: First Days! ğŸ‡³ğŸ‡®,10 months ago,22K,821K views,"My first days in Nicaragua and travelling from Managua to Leon.

Follow me on Instagram: paramvir_beniwal"
Entering the HARDEST Country for Indians! ğŸ‡³ğŸ‡®,10 months ago,18K,468K views,"Attempting to enter Nicaragua from the Penas-Blancas Border crossing in Costa Rica.

Follow me on Instagram: paramvir_beniwal"
Journey to Nicaragua: Medellin to San Jose! ğŸ‡¨ğŸ‡´ğŸ‡¨ğŸ‡·ğŸ‡³ğŸ‡®,10 months ago,18K,483K views,"Another attempt to enter Nicaragua: My journey from Medellin (Colombia) to San Jose (Costa Rica)

Follow me on Instagram: paramvir_beniwal"
Unknown Latin Women Kidnapped me for Dinner! ğŸ‡­ğŸ‡³,10 months ago,39K,1.3M views,"My journey from Tegucigalpa to San Pedro Sula & getting picked up by strangers for dinner!

Follow me on Instagram: paramvir_beniwal"
THIS COUNTRY DOES NOT WANT INDIAN TOURISTS!,10 months ago,24K,1.1M views,"Visiting the Nicaraguan Embassy in Tegucigalpa, Honduras.

Follow me on Instagram: paramvir_beniwal"
"LATINAS almost KIDNAPPED me for MARRIAGE! (Taking the American ""DONKEY"" route!) ğŸ‡­ğŸ‡³",10 months ago,56K,2.5M views,"Taking the American ""Donkey"" route from Choluteca to Tegucigalpa in Honduras.

Follow me on Instagram: paramvir_beniwal"
"LOST IN THE AMERICAN ""DONKEY"" ROUTE!",10 months ago,30K,1.2M views,"Finding my way back to Choluteca from the Guasaule border crossing.

Follow me on Instagram: paramvir_beniwal"
Why INDIANS must AVOID this COUNTRY?,10 months ago,43K,1.7M views,"Awful experience at the Guasaule Border.

Follow me on Instagram: paramvir_beniwal"
DON'T MAKE THIS MISTAKE IN LATIN AMERICA! ğŸ‡­ğŸ‡³ğŸ‡³ğŸ‡®,10 months ago,18K,1.1M views,"Travelling to the Guasaule border-crossing from Tegucigalpa (Honduras ğŸ‡­ğŸ‡³)  in an attempt to enter Nicaragua ğŸ‡³ğŸ‡®.
"
Visiting the Most Romantic City in Honduras: SANTA LUCIA! ğŸ‡­ğŸ‡³,10 months ago,9.1K,313K views,"Travelling to Santa Lucia from Tegucigalpa, Honduras ğŸ‡­ğŸ‡³

Follow me on Instagram: paramvir_beniwal"
CAN INDIANS DO ROCK CLIMBING? ğŸ§—ğŸ¼ğŸ‡­ğŸ‡³,11 months ago,7.7K,183K views,"My first experience at rock climbing at El Picacho in Tegucigalpa, Honduras ğŸ‡­ğŸ‡³

Follow me on Instagram: paramvir_beniwal"
Finding a GYM at MIDNIGHT in the MOST Dangerous Country!Â ğŸ‡­ğŸ‡³,11 months ago,7.4K,141K views,"Finding a gym midnight in Honduras.

Follow me on Instagram: paramvir_beniwal"
Honduran Couple gets me DRUNK in Tegu!Â ğŸ‡­ğŸ‡³ (Hitchhiking in Honduras!),11 months ago,9.2K,317K views,"Visiting El Picacho near Tegucigalpa and Hitchhiking on our way back to the city.

Follow me on Instagram: paramvir_beniwal"
Walking the Streets of TEGUCIGALPA - HONDURAS!Â ğŸ‡­ğŸ‡³,11 months ago,14K,550K views,"Exploring and experiencing Tegucigalpa City with a Korean co-traveler.

#ShaadiWalaGlow"
El Salvador - Honduras Border Crossing ğŸ‡¸ğŸ‡»ğŸ‡­ğŸ‡³ (USA ğŸ‡ºğŸ‡¸ Donkey Route),11 months ago,9.5K,262K views,"Border crossing from El Salvador to Honduras.

Follow me on Instagram: paramvir_beniwal"
MURDER CAPITAL IN 2023 - El Salvador ğŸ‡¸ğŸ‡»,11 months ago,9.4K,217K views,"Exploring the capital city of San Salvador

"
Traveling while ONLY SPEAKING HINDI in LATIN AMERICA! ğŸ‡¸ğŸ‡»,1 year ago,12K,349K views,"Speaking only Hindi in El Salvador - Central America as a tourist.

Follow me on Instagram: paramvir_beniwal"
How DANGEROUS is EL SALVADOR? Santa Ana to San Salvador ğŸ‡¸ğŸ‡»,1 year ago,21K,1M views,"Travelling from Santa Ana to San Salvador and exploring the capital city.

Follow me on Instagram: paramvir_beniwal"
SURVIVING A DAY IN WORLDâ€™S MURDER CAPITAL! ğŸ‡¸ğŸ‡»,1 year ago,14K,401K views,"El Salvador: Travelling from Santa Ana to Juayua (El Salvador). ğŸ‡¸ğŸ‡»

Follow me on Instagram: paramvir_beniwal"
Traveling to WORLDâ€™S MOST DANGEROUS COUNTRY! ğŸ‡¸ğŸ‡»,1 year ago,36K,1.7M views,"Traveling to Santa Ana (El Salvador) from Antigua (Guatemala) by land! ğŸ‡¬ğŸ‡¹ğŸ‡¸ğŸ‡»

Follow me on Instagram: paramvir_beniwal"
Hiking an ACTIVE Volcano in Guatemala - ACATENANGO VOLCANO! ğŸ‡¬ğŸ‡¹,1 year ago,14K,373K views,"Acatenango Volcano Hike near Antigua, Guatemala ğŸ‡¬ğŸ‡¹

Follow me on Instagram: paramvir_beniwal"
"Markets of Antigua, Guatemala: Finding a Cobbler! ğŸ‡¬ğŸ‡¹",1 year ago,8K,294K views,"Finding a cobbler to get my shoes fixed and buying fruits like a local in Antigua, Guatemala! ğŸ‡¬ğŸ‡¹

Follow me on Instagram: paramvir_beniwal"
Riding on CHICKEN BUSES of GUATEMALA ğŸ‡¬ğŸ‡¹ (Central America),1 year ago,9.1K,262K views,"My journey from Guatemala city to Antigua! ğŸ‡¬ğŸ‡¹

#BackToBlackwithBBLUNT"
Crazy 24 Hours in Central America's LARGEST CITY!  Guatemala City: First Impressions! ğŸ‡¬ğŸ‡¹,1 year ago,9.5K,334K views,"Exploring the capital of Guatemala, which also happens to be the most populous city of Latin America: Guatemala City! ğŸ‡¬ğŸ‡¹
"
LATIN AMERICA BORDER CROSSING (Belize - Guatemala ğŸ‡§ğŸ‡¿ğŸ‡¬ğŸ‡¹),1 year ago,7.7K,201K views,"Reaching Guatemala city from San Ignacio (Belize) by crossing land border.

Follow me on Instagram: paramvir_beniwal"
LATIN AMERICAâ€™S BORDER TOWNS!Â ğŸ‡§ğŸ‡¿,1 year ago,8.9K,269K views,"Exploring Benque and San Ignacio at the Belize - Guatemala border ğŸ‡§ğŸ‡¿ğŸ‡¬ğŸ‡¹

Follow me on Instagram: paramvir_beniwal"
LOCAL WOMEN SERVED ME THE BEST FOOD IN BELIZE!Â ğŸ‡§ğŸ‡¿,1 year ago,12K,464K views,"Travelling to San Ignacio from Belize City inÂ aÂ localÂ bus. ğŸ‡§ğŸ‡¿ 

Follow me on Instagram: paramvir_beniwal"
LOCAL BUSES OF AMERICA (BELIZE ğŸ‡§ğŸ‡¿),1 year ago,11K,534K views,"Travelling to San Ignacio from Belize City inÂ aÂ localÂ bus. ğŸ‡§ğŸ‡¿ 

Follow me on Instagram: paramvir_beniwal"
BELIZE - Almost Robbed in the Most Dangerous Hood!? ğŸ‡§ğŸ‡¿,1 year ago,14K,692K views,"Walking & exploring Belize city with my friend Viki from Austria! ğŸ‡§ğŸ‡¿ 

Follow me on Instagram: paramvir_beniwal"
Crossing Mexico-Belize Border by Land ğŸ‡²ğŸ‡½ğŸ‡§ğŸ‡¿,1 year ago,11K,394K views,"Land border crossing from Mexico to Belize! ğŸ‡²ğŸ‡½ğŸ‡§ğŸ‡¿ 

#GlassSkinReflectionChallenge"
Lost in Latin America's HIDDEN GEM - BACALAR! ğŸ‡²ğŸ‡½,1 year ago,7.6K,246K views,"My journey from Cancun to Bacalar as I explore the Maldives of Mexico! ğŸ‡²ğŸ‡½ 

#IntenselyMoisturisedHair"
Discovering the MAYAN PYRAMIDS of MEXICO (World's New Wonder!) ğŸ‡²ğŸ‡½,1 year ago,8.2K,213K views,"Exploring the Chichen-Itza pyramid and Mayan Cenotes in Mexico! ğŸ‡²ğŸ‡½ 

Follow me on Instagram: paramvir_beniwal"
Exploring the MINI AMERICA of MEXICO: CANCUN! ğŸ‡²ğŸ‡½,1 year ago,10K,376K views,"Exploring the local markets and foods of Cancun, Mexico! ğŸ‡²ğŸ‡½ 

Follow me on Instagram: paramvir_beniwal"
Local Markets of Mexico: Eating GRASSHOPPERS! ğŸ‡²ğŸ‡½,1 year ago,17K,917K views,"Exploring the local markets and beaches of Puerto Escondido, Mexico! ğŸ‡²ğŸ‡½ 

Dainzuâ€™s Channel: Â Â Â /Â @dainzubravofishingÂ Â "
MY LAST TIME SURFING IN MEXICO! ğŸ‡²ğŸ‡½,1 year ago,16K,624K views,"Last day of surfing in Puerto Escondido!

Follow me on Instagram: paramvir_beniwal"
THE UNSEEN PART OF MEXICO - Life after 2 months of living like a LOCAL! ğŸ‡²ğŸ‡½,1 year ago,17K,599K views,"My life in Puerto Escondido as a local!

#partnership"
"MY LIFE IN THE SURF PARADISE: PUERTO ESCONDIDO, MEXICO ğŸ‡²ğŸ‡½ (Learning Surf & Spanish!)",1 year ago,8.1K,132K views,"My life/routine during the months of November and December in Puerto Escondido, Mexico! ğŸ‡²ğŸ‡½ 

Wego App: https://wegotravel.onelink.me/cYro/48..."
"Visiting World's Most ALCOHOLIC Town: TEQUILA, MEXICO! ğŸ‡²ğŸ‡½",1 year ago,35K,1.4M views,"Travelling to the town of Tequila from Guadalajara in Mexico!

Wego App: https://wegotravel.onelink.me/cYro/48..."
"Guadalajara, Mexico: Day of the DEAD & the LARGEST Market of Latin America! ğŸ‡²ğŸ‡½",1 year ago,17K,759K views,"Exploring the coolest neighbourhood of the world in 2022 - Los Americas, celebrating Die de Muertos at the Guadalajara centro and visiting the Largest roofed market in Latin America - Mercado San Juan de Dios!"
FIRST IMPRESSIONS of MEXICO as a TOURIST! ğŸ‡²ğŸ‡½,1 year ago,42K,1.6M views,"First day in Mexico City! 

Follow me on Instagram: paramvir_beniwal"
Flying with the WORST Rated MEXICAN AIRLINE! ğŸ‡ºğŸ‡¸ğŸ‡²ğŸ‡½ New York to Mexico City,1 year ago,20K,623K views,"Guaranteed job in IT :-https://bit.ly/3t0xdPY
Coupon code for 20% fee waiver :- PP20
Only for first 250 candidates"
"Rainy Morning Walk at Times Square, Manhattan | NYC 4K ğŸ‡ºğŸ‡¸",1 year ago,11K,244K views,"Walking in Manhattan, NYC on a rainy morning.

Wego App: https://wegotravel.onelink.me/cYro/48..."
New York Cityâ€™s Most Dangerous Hood: Brownsville ğŸ‡ºğŸ‡¸,1 year ago,Subscribed,720K views,28K
"NYC Vlog: Wall Street, Apartments & Gym! ğŸ‡ºğŸ‡¸",1 year ago,11K,236K views,"Support India in the ICC World Cup with Parimatch! - 
https://clcr.me/Passenger_Paramveer_1022
"
THE DARK SIDE OF NEW YORK CITY! ğŸ‡ºğŸ‡¸,1 year ago,48K,1.1M views,"Follow me on Instagram: paramvir_beniwal
Â Â /Â paramvir_beniwalÂ Â 
"
INSIDE THE MOST DANGEROUS HOOD OF NEW YORK CITY! ğŸ‡ºğŸ‡¸,1 year ago,81K,3.3M views,"Visiting Mott Haven, South Bronx - The most dangerous neighbourhood in New York city ğŸ‡ºğŸ‡¸

Follow me on Instagram: paramvir_beniwal"
SPENDING $100 IN NEW YORK CITY! HOW EXPENSIVE IS IT? ğŸ‡ºğŸ‡¸,1 year ago,61K,2.7M views,"How expensive is New York CIty? Spending $100! ğŸ‡ºğŸ‡¸

Follow me on Instagram: paramvir_beniwal"
HOW EXPENSIVE IS IT TO TRAVEL IN NEW YORK? ğŸ‡ºğŸ‡¸,1 year ago,25K,1.3M views,"Public Transport in New York City! ğŸ‡ºğŸ‡¸

Follow me on Instagram: paramvir_beniwal"
NEW YORK: THE CITY THAT NEVER SLEEPS? Exploring NYC AFTER MIDNIGHT! ğŸ‡ºğŸ‡¸,1 year ago,32K,1.1M views,"EXPLORING TIMES SQUARE AT MIDNIGHT, NEW YORK ğŸ‡ºğŸ‡¸

Avail an exclusive 15% offer and a free career guidance session with Skill-Lync by registerin"
Buying iPhone 14 Pro from APPLE'S BIGGEST STORE: NEW YORK! ğŸ‡ºğŸ‡¸,1 year ago,29K,957K views,"Buying an iPhone 14 Pro from the Apple's store at Fifth Avenue in New York! ğŸ‡ºğŸ‡¸

Follow me on Instagram: paramvir_beniwal"
HOW EXPENSIVE IS KOREA FOR INDIANS? ğŸ‡°ğŸ‡·,1 year ago,18K,673K views,"Exploring the shops and supermarkets of Myeong-dong in Seoul, South Korea! ğŸ‡°ğŸ‡·

Follow me on Instagram: paramvir_beniwal"
48 Hours on JEJU ISLAND with @yatridoctor & Korea Tourism Organisation! ğŸ‡°ğŸ‡·,1 year ago,9.1K,300K views,"48 hours on Jeju Island, South Korea with Navankur Chaudhary from @yatridoctor  and KTO India! ğŸ‡°ğŸ‡·
"
STAYING AT THE LARGEST GRAND HYATT IN JEJU (KOREA)! ğŸ‡°ğŸ‡· SEOUL TO JEJU ISLAND,1 year ago,7.3K,185K views,"Staying at the Asia's largest Grand Hyatt Hotel in Jeju Island, South Korea! ğŸ‡°ğŸ‡·

Follow me on Instagram: paramvir_beniwal"
"KOREA: Lotte Tower, Gangnam Square & Indian Restaurant! ğŸ‡°ğŸ‡·",1 year ago,7.7K,206K views,"Exploring the Lotte tower in Seoul, South Korea! ğŸ‡°ğŸ‡·

Follow me on Instagram: paramvir_beniwal"
"LOCAL MARKETS, PUBLIC TRANSPORT & ALCOHOL PRICES IN KOREA! ğŸ‡°ğŸ‡·",1 year ago,9.9K,302K views,"Exploring Seoul's Insa-dong market, Metro and a Liquor store! ğŸ‡°ğŸ‡·

Follow me on Instagram: paramvir_beniwal"
"BECOMING A KOREAN IN SEOUL, SOUTH KOREA! ğŸ‡°ğŸ‡· Hanbok & the Gyeongbokgung palace!",1 year ago,17K,568K views,"Exploring Seoul as a local: Gyeongbokgung palace, markets and restaurants! ğŸ‡°ğŸ‡·

Follow me on Instagram: paramvir_beniwal"
LIFE AT THE UKRAINIAN BORDER DURING WAR ğŸ‡ºğŸ‡¦,1 year ago,50K,2.1M views,"Exploring the Polish-Ukrainian border towns of Przemysl and Medyka during the war.

Orest Zubâ€™s Channel:"
Traveling to European Unionâ€™s Poorest Country! ğŸ‡ªğŸ‡¸ğŸ‡§ğŸ‡¬ğŸ‡«ğŸ‡·ğŸ‡³ğŸ‡±ğŸ‡µğŸ‡±,1 year ago,26K,1.1M views,"My Journey from Barcelona (Spain) to Sofia (Bulgaria) to Paris (France) to Amsterdam (Netherlands) and then finally to Krakow (Poland)
"
"ANDORRA: EUROPEâ€™S HIGHEST CAPITAL! TOBACCO, SKIING, PRICES & MORE! ğŸ‡¦ğŸ‡©",1 year ago,10K,351K views,"Travelling to Andorra la Vella, the highest capital city in Europe! ğŸ‡¦ğŸ‡© Andorra is also one of the smallest countries in the world. 
"
Solo from Nimes (France) to Barcelona (Spain) ğŸ‡«ğŸ‡·ğŸ‡ªğŸ‡¸,1 year ago,11K,373K views,"Travelling from Nimes (France) to Barcelona (Spain). 

Follow me on Instagram: paramvir_beniwal"
"VISITING THE COUNTRY OF ONLY BILLIONAIRES! Fancy Cars, Super Yachts & Casino of MONACO!",1 year ago,81K,5.2M views,"Visiting the country of the wealthiest, MONACO!

Follow me on Instagram: paramvir_beniwal"
BAD EXPERIENCE IN EUROPE (AUSTRIA TO CROATIA) ğŸ‡¦ğŸ‡¹ğŸ‡­ğŸ‡·,1 year ago,27K,981K views,"My journey from Salzburg (Austria) to Zagreb (Croatia). 

Follow me on Instagram: paramvir_beniwal"
INDIAN STREET FOOD RESTAURANT IN SRI LANKA ğŸ‡±ğŸ‡°,1 year ago,10K,269K views,"Eating at an Indian Restaurant in Colombo, Sri Lanka ğŸ‡±ğŸ‡°

Follow me on Instagram: paramvir_beniwal"
FINDING SANGAKKARAâ€™S HOME IN SRI LANKA ğŸ‡±ğŸ‡°,1 year ago,13K,403K views,"Tried finding Kumar Sangakkaraâ€™s home in Sri Lanka ğŸ‡±ğŸ‡°

Follow me on Instagram: paramvir_beniwal"
"LIFE OF HINDUS IN COLOMBO, SRI LANKA ğŸ‡±ğŸ‡°",1 year ago,11K,256K views,"Hindu temples of Colombo, Sri Lanka ğŸ‡±ğŸ‡°

Follow me on Instagram: paramvir_beniwal"
LOCAL FOOD STREETS OF SRI LANKA ğŸ‡±ğŸ‡°,1 year ago,20K,710K views,"Exploring the Aluthkade's food street in Colombo, Sri Lanka ğŸ‡±ğŸ‡°

Follow me on Instagram: paramvir_beniwal"
Spending â‚¹400 ($5) in SRI LANKA during the CRISIS | HOW EXPENSIVE IS IT? ğŸ‡±ğŸ‡°,1 year ago,81K,3.5M views,"HOW EXPENSIVE IS SRI LANKA DURING THE CRISIS? SPENDING 500INR! ğŸ‡±ğŸ‡°

Follow me on Instagram: paramvir_beniwal"
LOCAL TRAINS OF SRI LANKA ğŸ‡±ğŸ‡°,1 year ago,13K,430K views,"Riding in a Train from Port Railway Station to Bambalapitiya, Colombo! ğŸ‡±ğŸ‡°

Follow me on Instagram: paramvir_beniwal"
VISITING THE CAPTURED PM HOUSE IN SRI LANKA! ğŸ‡±ğŸ‡°,1 year ago,15K,386K views,"Visiting the captured Presidential Palace & PM house in Colombo, Sri Lanka! ğŸ‡±ğŸ‡°

Follow me on Instagram: paramvir_beniwal"
I TRIED BUYING FUEL IN SRI LANKA DURING THE FUEL CRISIS! ğŸ‡±ğŸ‡°,1 year ago,22K,658K views,"Trying to buy fuel in Colombo for our car during the Sri Lankan fuel crisis! ğŸ‡±ğŸ‡°

Follow me on Instagram: paramvir_beniwal"
VEGETABLE MARKET of SRI LANKA during CRISIS! ğŸ‡±ğŸ‡°,1 year ago,29K,2.8M views,"This video documents a local vegetable market of Colombo - Sri Lanka and my discussions with the sellers. ğŸ‡±ğŸ‡°
"
SRI LANKAN MARKETS During CRISIS ğŸ‡±ğŸ‡°,1 year ago,23K,1.1M views,"The SHOPS near Fort Railway Station and FLOATING MARKET of Colombo during the CRISIS ğŸ‡±ğŸ‡°

Follow me on Instagram: paramvir_beniwal"
People Living in Cars to Buy Fuel: Sri Lanka's EXTREME FUEL CRISIS! (SHOCKING!) ğŸ‡±ğŸ‡°,1 year ago,14K,526K views,"Filming the people waiting in long queues during the Fuel Crisis of Sri Lanka! ğŸ‡±ğŸ‡°

Follow me on Instagram: paramvir_beniwal"
FIRST DAY IN SRI LANKA AFTER BANKRUPTCY ğŸ‡±ğŸ‡°,1 year ago,28K,1.1M views,"FIRST DAY IN COLOMBO, SRI LANKA DURING THE CRISIS ğŸ‡±ğŸ‡°

Follow me on Instagram: paramvir_beniwal"
FLYING TO BANKRUPT SRI LANKA DURING THE CRISIS! ğŸ‡±ğŸ‡°,1 year ago,30K,1.1M views,"Flying from Delhi to Colombo during the Political & Economic Crisis in Sri Lanka ğŸ‡±ğŸ‡°

Follow me on Instagram: paramvir_beniwal"
Why are Korean Cosmetics so Popular? ğŸ‡°ğŸ‡· EXPLORING MARKETS OF SEOUL!,1 year ago,15K,681K views,"Exploring the Myeong-dong Market of Seoul - South Koreaâ€™s Capital! ğŸ‡°ğŸ‡·

Follow me on Instagram: paramvir_beniwal"
"NIGHTLIFE OF SEOUL, SOUTH KOREA ğŸ‡°ğŸ‡·",1 year ago,51K,2.7M views,"Exploring the Night Life of Seoul - South Koreaâ€™s Capital! ğŸ‡°ğŸ‡·

Follow me on Instagram: paramvir_beniwal"
TRAVELING TO SOUTH KOREA ğŸ‡°ğŸ‡· FROM DELHI (FOR FREE)!,1 year ago,14K,443K views,"Traveling to SEOUL, SOUTH KOREA. 

Follow me on Instagram: paramvir_beniwal"
"INDIAN RESTAURANT IN AQABA, JORDAN! ğŸ‡¯ğŸ‡´",1 year ago,8K,282K views,"Indian food in Aqaba city.  ğŸ‡¯ğŸ‡´ 

Follow me on Instagram: paramvir_beniwal"
Exploring JORDAN'S AQABA where 4 countries meet! ğŸ‡¯ğŸ‡´ğŸ‡¸ğŸ‡¦ğŸ‡®ğŸ‡±ğŸ‡ªğŸ‡¬,1 year ago,7.8K,363K views,"My journey from Petra to Aqaba as I explore the Red Sea and Aqaba city.  ğŸ‡¯ğŸ‡´ 

Follow me on Instagram: paramvir_beniwal"
The Lost Ancient City of Petra (2nd WONDER OF THE WORLD!) ğŸ‡¯ğŸ‡´,1 year ago,4.8K,119K views,"Exploring The Lost Ancient City of Petra, also the 2nd Wonder of the World!  ğŸ‡¯ğŸ‡´ 

Follow me on Instagram: paramvir_beniwal"
"Scammed at World's Wonder PETRA! ANCIENT CITY PRICES, MARKETS, TRAPS ğŸ‡¯ğŸ‡´",1 year ago,4.5K,173K views,"Exploring Wonder of the World Petra's markets and exposing scams! ğŸ‡¯ğŸ‡´ 

Link: https://1w-app.com/Para500"
"ROADSIDE ""DHABAS"" OF MIDDLE EAST! | Dead Sea to Petra ğŸ‡¯ğŸ‡´",1 year ago,5.2K,212K views,"My Journey from Dead Sea to Petra! ğŸ‡¯ğŸ‡´ 

Follow me on Instagram: paramvir_beniwal"
"INDIAN FLOATING ON THE DEAD SEA, JORDAN ğŸ‡¯ğŸ‡´  | IMPOSSIBLE TO DROWN!",1 year ago,15K,1M views,"FLOATING ON THE DEAD SEA IN JORDAN! ğŸ‡¯ğŸ‡´ 
 
Follow me on Instagram: paramvir_beniwal"
HOW ARAB CHRISTIANS TREAT AN INDIAN TOURIST IN JORDAN? ğŸ‡¯ğŸ‡´ğŸ‡®ğŸ‡³,1 year ago,10K,397K views,"SECOND DAY IN JORDAN; TRAVELLING FROM MADABA TO DEAD SEA.
 
Follow me on Instagram: paramvir_beniwal"
"LIFE OF ARAB CHRISTIANS IN THE MIDDLE EAST ğŸ‡¯ğŸ‡´ | Madaba, Jordan",1 year ago,6.3K,236K views,"SECOND DAY IN JORDAN; VISITING THE ANCIENT TOWN OF MADABA.
 
Follow me on Instagram: paramvir_beniwal"
"A DAY IN AMMAN, JORDAN ğŸ‡¯ğŸ‡´ | FOOD, PRICES, PEOPLE!",1 year ago,18K,985K views,"FIRST DAY IN JORDAN AS AN INDIAN TOURIST | AMMAN CITY TOUR.
 
Follow me on Instagram: paramvir_beniwal"
"EXPLORING THE CHEAPEST PARTY CITY OF EUROPE! KRAKOW, POLAND ğŸ‡µğŸ‡±",1 year ago,8K,359K views,"Spending a day in Krakow, Poland as I explore the old town, local supermarkets and pubs before leaving for Budapest the next day!
"
HOW EXPENSIVE IS PARIS FOR INDIAN TOURISTS? ğŸ‡«ğŸ‡·ğŸ‡®ğŸ‡³,1 year ago,9.7K,375K views,"Paris: Supermarket prices, Indian restaurant and apartment rents!

Follow me on Instagram: paramvir_beniwal"
"EIFFEL TOWER: TICKETS, PRICES & DRINKS! ğŸ‡«ğŸ‡· (HARYANA IN FRANCE)",1 year ago,14K,920K views,"Exploring Paris: Eiffel Tower, Prices, Malls & more!

Follow me on Instagram: paramvir_beniwal"
PRICES & PUBLIC TRANSPORTS OF PARIS ğŸ‡«ğŸ‡·,1 year ago,6.1K,198K views,"Local Trains and Transportation in Paris: travelling without a ticket!

Follow me on Instagram: paramvir_beniwal"
How CHEAP is Turkey after Crisis? Spending 500INR/7$ in Antalya! PART 2,1 year ago,4.3K,109K views,"Spending 100 TL (500 INR) / 7$ in Antalya, Turkey! (Part 2)

Devang (The Punjabi Wanderer) : Â Â Â /Â thepunjabiwandererÂ Â "
TURKEY: Tried Spending 500INR/7$ in Antalya! How CHEAP is Turkey after Crisis?,1 year ago,25K,1.4M views,"Spending 100 TL (500 INR) / 7$ in Antalya, Turkey! (Part 1)

Devang (The Punjabi Wanderer) : Â Â Â /Â thepunjabiwandererÂ Â "
HOW ARE THE WEDDINGS IN TURKEY? Turkish/Ukrainian Wedding ğŸ‡¹ğŸ‡·ğŸ‡ºğŸ‡¦,1 year ago,25K,860K views,"This video takes you to a Turkish wedding in Antalya in which my Ukrainian friend Bohdana gets married to Firat from Turkey!
"
CAR BREAKDOWN NEAR SYRIA-IRAQ BORDER! (MARDIN) | Dara Ancient City & Mor Hanayo Monastery,1 year ago,4.5K,111K views,"https://wegotravel.onelink.me/cYro/48...

Exploring the outskirts of Mardin City: Dara Ancient city & Mor Hanayo Monastery."
SECRET CITY OF MIDDLE EAST: MARDIN | No Tourists Allowed here? (Turkey-Syria-Iraq Border),1 year ago,6.7K,208K views,"Exploring Mardin City near the borders of Syria, Iraq & Iran!

Follow me on Instagram: paramvir_beniwal"
Driving to an UNKNOWN City of Middle East | Highways of Turkey ğŸ‡¹ğŸ‡·,2 years ago,3.8K,91K views,"My journey from Cappadocia to Mardin by road.

My Hairline correction:"
Discovering the TURKISH TOWN OF HORSES ğŸ‡¹ğŸ‡·,2 years ago,13K,628K views,"https://wegotravel.onelink.me/cYro/48...

Discovering Cappadocia: Horses, Pottery, Towns and Food."
World's Most Popular Balloon Ride: WORTH OR NOT? ğŸ‡¹ğŸ‡·,2 years ago,7.5K,238K views,"Register on Binomo and get free 1000 $ to your demo-account:
https://bit.ly/34aDYFn
"
SMALL TOWNS OF TURKEY ğŸ‡¹ğŸ‡· | Antalya to Cappadocia by Road,2 years ago,10K,322K views,"My journey from Antalya to Cappadocia (Turkey).

Download the Vita app:"
MY LIFE IN ANTALYA - TURKEY ğŸ‡¹ğŸ‡·,2 years ago,49K,2.5M views,"This video describes my travel journey and my life in Antalya!

Follow me on Instagram: paramvir_beniwal"
HOW TO TRAVEL TO SYRIA IN 2022? ğŸ‡¸ğŸ‡¾ MY TOUR COST & EXPERIENCE?,2 years ago,4.7K,82K views,"Detailed Travel Process & Guidelines to Syria.
My Tour Agency: SHUKRAN LEBANON (Owned by Chirine)
Email: info@shukranlebanon.com (Please include 'HIND-SYRIA"" as Subject)"
SYRIA - LEBANON BORDER CROSSING BY LAND ğŸ‡¸ğŸ‡¾ ğŸ‡±ğŸ‡§,2 years ago,9.8K,209K views,"Border crossing between Damascus (Syria) and Beirut (Lebanon) at the Masnaa Border Crossing.

Follow me on Instagram: paramvir_beniwal"
DON'T DO THIS IN SYRIA! ğŸ‡¸ğŸ‡¾,2 years ago,23K,695K views,"THINGS NOT TO DO IN SYRIA

#partnership"
HOW EXPENSIVE IS SYRIA? ğŸ‡¸ğŸ‡¾ Spending 10$ Part II,2 years ago,20K,474K views,"SPENDING 10$ (750 INR) IN SYRIAN BAZAARS | PART 2

Download INDmoney app- https://indmoney.onelink.me/RmHC/8727..."
SYRIA: Everything FREE for Tourists? I Tried Spending 10$ in Damascus! ğŸ‡¸ğŸ‡¾,2 years ago,90K,6.7M views,"https://wegotravel.onelink.me/cYro/48...

TRYING TO SPEND 10$ (750 INR) IN SYRIA | PART 1"
EATING AT THE ONLY REMAINING INDIAN ğŸ‡®ğŸ‡³ RESTAURANT IN SYRIA ğŸ‡¸ğŸ‡¾ | Hindi,2 years ago,29K,874K views,"Register on Binomo and get free 1000 $ to your demo-account:
https://bit.ly/34aDYFn
"
SHOPPING MALLS OF SYRIA! ğŸ‡¸ğŸ‡¾ | Hindi,2 years ago,28K,1.1M views,"Inside a Shopping Mall of Damascus, Syria.

Follow me on Instagram: paramvir_beniwal"
HOW ARE THE VILLAGES IN SYRIA? ğŸ‡¸ğŸ‡¾ | Hindi,2 years ago,47K,1.6M views,"Life in a Syrian Village.

Follow me on Instagram: paramvir_beniwal"
BIG MANSIONS of SYRIA where NO ONE wants to live! NOT EVEN FOR FREE! ğŸ‡¸ğŸ‡¾,2 years ago,20K,662K views,"The abandoned homes of Krak & the effect of War in Syrian suburbs and on locals.

Follow me on Instagram: paramvir_beniwal"
"INSIDE HOMS, SYRIA: THE MOST DANGEROUS PLACE ON PLANET? ğŸ‡¸ğŸ‡¾ Hindi",2 years ago,32K,972K views,"Download Duolingo For Free:
https://app.adjust.net.in/3wnegsy
"
LIFE IN ALEPPO-SYRIA ğŸ‡¸ğŸ‡¾ AFTER THE CIVIL WAR | Hindi,2 years ago,50K,1.4M views,"Register on Binomo and get free 1000 $ to your demo-account:
https://bit.ly/34aDYFn
"
MY LIFE IN SYRIA ğŸ‡¸ğŸ‡¾ | HAMA TO ALEPPO | Hindi,2 years ago,29K,845K views,"Travelling from Hama to Aleppo and filming my life as a tourist in Syria.

Download INDmoney app- https://indmoney.onelink.me/RmHC/7a88..."
INSIDE THE ABANDONED GHOST TOWNS OF SYRIA ğŸ‡¸ğŸ‡¾,2 years ago,45K,1.7M views,"Exploring the Abandoned Ghost Towns of Syria near Idlib.

"
HOW SYRIAN PEOPLE TREAT AN INDIAN TOURIST? ğŸ‡¸ğŸ‡¾ğŸ‡®ğŸ‡³,2 years ago,32K,1M views,"Inspecting the destroyed hotel of Maaloula & experiencing Syrian Hospitality.

"
HOW CHRISTIANS LIVE IN SYRIA? ğŸ‡¸ğŸ‡¾ Hindi,2 years ago,29K,1M views,"My journey from Damascus to the Christian towns of Sednayah & Maaloula in Syria.

"
"FIRST DAY IN SYRIA ğŸ‡¸ğŸ‡¾| Prices, Food, Vodka & Sim Card | Hindi",2 years ago,40K,1.7M views,"My first day in Damascus (Syria).

Follow me on Instagram: paramvir_beniwal"
BORDER-CROSSING INTO SYRIA BY LAND ğŸ‡¸ğŸ‡¾ | First Day in Damascus | Hindi,2 years ago,50K,2.1M views,"Crossing the Jaber-Nasib border from Jordan to get into Damascus (Syria).

Follow me on Instagram: paramvir_beniwal"
ULTIMATE STREET FOOD OF ISTANBUL! ğŸ‡¹ğŸ‡· Turkish Food Tour | Hindi,2 years ago,10K,457K views,"Turkish Food tour in Istanbul.

To book a tour with Latif: https://www.istanbullayovertours.com/"
SCAM STREETS OF ISTANBUL (TAKSIM),2 years ago,16K,874K views,"Exploring the Istiklal street of Taksim as I expose the tourist scams & scammers.

Follow me on Instagram: paramvir_beniwal"
HIGH SPEED TRAINS OF ISTANBUL TURKEY ğŸ‡¹ğŸ‡· Hindi,2 years ago,4.5K,156K views,"Local Trains/Trams/Metro of Istanbul.

Follow me on Instagram: paramvir_beniwal"
EXPLORING ISTANBUL'S RISKIEST STREETS IN LOCAL BUSES ğŸ‡¹ğŸ‡·,2 years ago,4.7K,146K views,"Exploring the Balat district of Istanbul as I hop on to several Local Buses of the city.

Follow me on Instagram: paramvir_beniwal"
LIFE OF INDIAN TOURIST IN TURKEY ğŸ‡¹ğŸ‡·  | HINDI,2 years ago,13K,484K views,"My life in Istanbul as an Indian Tourist: the videos takes you to the malls, cafes, roads and beaches of Istanbul as I compare the cost of living in comparison to India.
"
HOW EXPENSIVE IS ISTANBUL AFTER DOLLAR CRISIS? | HINDI,2 years ago,7.9K,200K views,"My first day in Istanbul (Turkey) as I explore the city with my Afghan friend Naeem.

Follow me on Instagram: paramvir_beniwal"
Lady Scams at ISTANBUL Airport ğŸ‡¹ğŸ‡· LATEST TRAVEL LAWS FROM INDIA (2022),2 years ago,9.2K,449K views,"My journey from Delhi to Istanbul via Dubai & latest travel guidelines from November-2021.

WOW Skin Science Ubtan Range"
LEBANESE SWEETS ALMOST GOT US KILLED! ğŸ‡±ğŸ‡§,2 years ago,10K,511K views,"Trying Lebanese Sweets and witnessing the Tripoli protests!

Download the Cambly app to start practicing 1-on-1 with a native English speaking tutor."
GIFTING THE OLDEST SOAP MAKER 3800000 LBP!,2 years ago,2.2K,23K views,"GIFTING 200$ TO MAHMOUD SHARKASS FROM THE FUNDRAISER FOR HIS 200 YEAR OLD SOAP SHOP.
"
ARAB HAMAM BRUTALLY CHANGED MY SKIN COLOR! à¤¹à¤¿à¤‚à¤¦à¥€,2 years ago,7.7K,425K views,"Getting a Hamam (Turkish bath) in Tripoli, Lebanon.

Follow me on Instagram: paramvir_beniwal"
"200 YEAR OLD SOAP MAKER IN TRIPOLI, LEBANON | Hindi",2 years ago,2.8K,65K views,"SOAP SHOP ADDRESS: Mahmoud Sharkass - Tripoli, souk al bazarkan, 
the egyptian khan( Ø®Ø§Ù† Ø§Ù„Ù…ØµØ±ÙŠÙŠÙ†). [Lebanon, Postal Code: 1301]
"
How much can you BUY with â‚¹300 (5$) in the CHEAPEST COUNTRY? à¤¹à¤¿à¤‚à¤¦à¥€,2 years ago,93K,5.1M views,"Cheapest country in the world: Lebanon - How expensive is it?

Follow me on Instagram: paramvir_beniwal"
HOW LEBANESE PEOPLE TREAT INDIAN TOURIST? Extreme Hospitality! Hindi,2 years ago,9.4K,305K views,"Extreme Hospitality in Lebanon: How Lebanese people treat Indian Tourist?

Khaled Abdo's (Ibrahim's brother) Instagram:  Â Â /Â kaliidabdoÂ Â "
HOW PEOPLE LIVE AT THE LEBANON - SYRIA BORDER? ğŸ‡±ğŸ‡§ğŸ‡¸ğŸ‡¾,2 years ago,7.5K,235K views,"Life at the LEBANON-SYRIA Border near the Northern Lebanese district of Akkar.

Khaled Abdo's (Ibrahim's brother) Instagram:  Â Â /Â kaliidabdoÂ Â "
Indian HITCHHIKING across LEBANON ğŸ‡±ğŸ‡§ & SYRIA ğŸ‡¸ğŸ‡¾ with Soldiers | Hindi,2 years ago,3.7K,96K views,"My journey from Tripoli to Aaydamoun (Akkar): next to the Syrian border.

Follow me on Instagram: paramvir_beniwal"
Walking Tripoliâ€™s Streets & Mosques (Lebanon) ğŸ‡±ğŸ‡§,2 years ago,3.2K,73K views,"Streets & Mosques of Tripoli - Lebanon.

Follow me on Instagram: paramvir_beniwal"
THE HAMAMS OF LEBANON - WHAT'S INSIDE? ğŸ‡±ğŸ‡§,2 years ago,3.6K,90K views,"Hamams & Soap Markets of Tripoli - Lebanon.

Follow me on Instagram: paramvir_beniwal"
INSIDE THE MARKETS (SOUKS) OF LEBANON ğŸ‡±ğŸ‡§,2 years ago,6.4K,205K views,"Souks (Bazaars or Markets of Tripoli - Lebanon).

Fatima's Instagram: Â Â /Â fatima.hallabÂ Â "
ALMOST GOT KILLED IN LEBANON | TRIPOLI RIOTS 2021,2 years ago,Subscribed,279K views,9.7K
BEIRUT TO TRIPOLI ğŸ‡±ğŸ‡§ | World's Prettiest Road Journey?,2 years ago,6.8K,179K views,"Exploring Beirut - Lebanon months after the Beirut Blast.

MUSIC BY: QuizineTV "
EXPLORING BEIRUT DURING CURFEW ğŸ‡±ğŸ‡§ | LEBANON 2021,2 years ago,12K,364K views,"Exploring Beirut - Lebanon months after the Beirut Blast.
Music by: QuizineTV (Â Â Â /Â @quizinetv5787Â Â )
Drone Shots: Â Â Â /Â @travelwithbasilÂ Â "
TRAVELLING TO LEBANON DURING STRICT CURFEW | HINDI,2 years ago,5.9K,134K views,"My journey from Dubai-UAE to Beirut-Lebanon.
Drone Shots: Â Â Â /Â @travelwithbasilÂ Â 
"
THIS IS LEBANON ğŸ‡±ğŸ‡§ | My Lebanon Travel Series 2021,2 years ago,4.3K,123K views,"TRAILER FROM MY LEBANON TRAVEL SERIES that will be live from 25th of May, 2021.

My 2nd Channel (Fitness & Lifestyle): Â Â Â /Â paramvirbeniwalÂ Â "
DUBAI DOWNTOWN AT NIGHT | HINDI,2 years ago,3.7K,111K views,"This video takes you to Dubai Downtown where I, Kate & Melena explore the Dubai Mall, the Burj Khalifa Fountain show, and so much more!
"
A DAY IN DUBAI WITHOUT SPENDING ANY MONEY! Hindi,2 years ago,15K,615K views,"This video takes you to Dubai Downtown where I, Kate & Melena explore the Dubai Mall, the Burj Khalifa Fountain show, and so much more!
"
WHAT DO SOMALI PEOPLE THINK ABOUT INDIANS & SOMALILAND'S FUTURE?,2 years ago,1.6K,32K views,"What do the people of Somaliland think about their future and how do they see Indians?

My 2nd Channel (Fitness & Lifestyle): Â Â Â /Â paramvirbeniwalâ€‹Â Â "
VISITING AN AFRICAN HOSPITAL & MALL,2 years ago,3.2K,91K views,This video takes you to the Hospital of Hargeisa where I was trying to get tested for Covid-19. The video later takes you to the Deero mall and then to my hotel in the downtown of Hargeisa - Somaliland.
INSIDE THE MONEY MARKETS OF AFRICA - SOMALILAND,2 years ago,93K,7.7M views,"MONEY MARKETS OF SOMALILAND.

Follow me on Instagram: paramvir_beniwal"
Celebrating my 24th Bday with Poor Somali Families | Donating Food & Groceries,2 years ago,5.4K,87K views,"Celebrating my 24th Birthday with poor families and kids in Hargeisa, Somaliland as I donated food and groceries to them.
"
STRANGERS invited me for Lunch in Somalia! | EMOTIONAL!,2 years ago,20K,626K views,"As I was invited by a SOMALI FAMILY for lunch at their place, I documented my visit to their place and this video displays the amazing hospitality that I was offered. 
"
PETTING LIONS & CHEETAH IN HARGEISA | LION ATTACK,2 years ago,3.2K,69K views,"Visiting the Beerta libaaxyada in Hargeisa, Somaliland.

Follow me on Instagram: paramvir_beniwal"
I GOT HIGH ON AFRICAâ€™S MOST ADDICTIVE DRUG IN SOMALIA,2 years ago,4.1K,117K views,"Buying and chewing Khat in Hargeisa, Somaliland.

Follow me on Instagram: paramvir_beniwal"
THEY DON'T PAY BY CASH IN THIS AFRICAN COUNTRY! | HINDI,2 years ago,5.6K,137K views,"Day 4 in Hargeisa, Somaliland.
Follow me on Instagram: paramvir_beniwal
Â Â /Â paramvir_beniwalÂ Â "
SPENDING â‚¹1000/13$ IN HARGEISA - SOMALIA/SOMALILAND | HINDI,2 years ago,9.5K,366K views,"How expensive is Hargeisa - Somaliland for a tourist? I tried spending 13$ or 1000 INR to find out.

Follow me on Instagram: paramvir_beniwal"
A DAY IN THE STREETS OF HARGEISA - SOMALILAND | HINDI,2 years ago,8.6K,257K views,"First Impression of Hargeisa - Somaliland.

Follow me on Instagram: paramvir_beniwal"
Entering Somaliland from MOGADISHUğŸ‡¸ğŸ‡´,2 years ago,4.7K,95K views,"12th video from my trip to Somalia.
This video was recorded during my journey from Mogadishu (Somalia) to Hargeisa (Somaliland).
"
SOMALIA WAR & its future? What Somali People think about India?,2 years ago,2.1K,37K views,"11th video from my trip to Mogadishu, Somalia.
This video takes you to perhaps the most popular beach of Somalia: Jazeera Beach (a few kilometres far from Mogadishu). I walked along the beach and later took a swim in the beau"
"ARE THERE STILL PIRATES IN SOMALIA? ğŸ‡¸ğŸ‡´ JAZEERA BEACH, MOGADISHU",3 years ago,9.1K,280K views,"10th video from my trip to Mogadishu, Somalia.
This video takes you to perhaps the most popular beach of Somalia: Jazeera Beach (a few kilometres far from Mogadishu). I walked along the beach and later took a swim in the beau"
LIFE OF A COMEDIAN IN SOMALIA? INSPIRING! ğŸ‡¸ğŸ‡´,3 years ago,4K,66K views,"9th video from my trip to Mogadishu, Somalia.
This video features the popular Somali Comedian Hassan Top as I interview him and ask him some questions. "
SOMALI FOOD & PRICES | MOGADISHU ğŸ‡¸ğŸ‡´,3 years ago,6.6K,147K views,"8th video from my trip to Mogadishu, Somalia.
This video takes you to Karmel restaurant in Mogadishu; which is considered to be the best restaurant in Somalia."
I Secretly filmed SOMALIA'S TOP SECRET PLACES! ğŸ‡¸ğŸ‡´,3 years ago,10K,236K views,"7th video from my trip to Mogadishu, Somalia.
This video takes you to some forbidden places in Mogadishu like the Commercial Bank of Somalia, former Parliament, Hawo Tako School and a few other destroyed places."
This LUXURIOUS HOTEL got DESTROYED - SOMALIA Civil War ğŸ‡¸ğŸ‡´,3 years ago,4.3K,90K views,"6th video from my trip to Mogadishu, Somalia.
This video takes you to the place where the popular AL-URUBA Hotel used to be (next to the Lighthouse in Mogadishu)."
SURVIVING A DAY IN MOGADISHU - SOMALIA ğŸ‡¸ğŸ‡´,3 years ago,37K,1.6M views,"5th video from my trip to Mogadishu, Somalia.
This video takes you to some popular places like the Fish Market, Lighthouse, High Court, etc. in Mogadishu (Somalia)."
HOW SOMALIA REACTS TO INDIAN TOURIST? ğŸ‡¸ğŸ‡´ AMAZING PEOPLE & BEACHES!,3 years ago,31K,868K views,"4th video from my first day in Mogadishu, Somalia.
This video takes you to a beach in Mogadishu, Somalia where I meet and talk to locals.
"
MALL & MARKETS OF MOGADISHU SOMALIA ğŸ‡¸ğŸ‡´,3 years ago,16K,655K views,"Third video from my first day in Mogadishu, Somalia.
This video takes you to the market of Hamar Weyne, a shopping mall and to the Tomb of the unknown soldier."
A DAY IN MOGADISHU (SOMALIA) | YOU'LL BE SHOCKED!,3 years ago,26K,1M views,"Second video from my first day in Mogadishu, Somalia.

Follow me on Instagram: paramvir_beniwal"
DAY 1 IN MOGADISHU (SOMALIA): FIRST IMPRESSION | HINDI,3 years ago,26K,861K views,"My first day in Mogadishu, Somalia.

My 2nd Channel (Fitness & Lifestyle): Â Â Â /Â paramvirbeniwalÂ Â "
"Dubai Desert Safari: Dune Bashing, Belly Dance, Food",3 years ago,2.3K,95K views,"For best hotel/flight deals: www.wego.co.in

My 2nd Channel (Fitness & Lifestyle): Â Â Â /Â paramvirbeniwalÂ Â "
"Life of Dubai: JBR, Palm, Skydive, Nightlife | Hindi",3 years ago,3.4K,113K views,"This video takes you to Dubai as I explore places like Marina, JBR, Skydive Dubai, Palm Jumeirah, etc.
"
Travelling to DUBAI: FIRST TIME AFTER COVID | Dubai Marina | Hindi,3 years ago,Subscribed,58K views,"This video describes my current travel plans as I take a walk around Dubai Marina.

"
RAKHI FROM ETHIOPA! Rakshabandhan Special,3 years ago,1.9K,18K views,"Video from Solomon's Home in Jinka (Ethiopia): 
Â Â Â â€¢Â HOWÂ AFRICANSÂ TREATÂ INDIANS?Â |Â Ethiopi...Â Â 
"
Syria Travel Process | How to Enter? | Visa | Cost,3 years ago,3.3K,69K views,"https://wegotravel.onelink.me/cYro/92...
https://www.wego.co.in
"
LEBANON VISA IN 2 DAYS!,3 years ago,1.5K,50K views,"https://www.vfsglobal.com/Lebanon/Ind...

My 2nd Channel (Fitness & Lifestyle): Â Â Â /Â paramvirbeniwalÂ Â "
"BAZAAR OF CAIRO, EGYPT | HINDI | BUYING EGYPTIAN HOOKAH",3 years ago,1.2K,31K views,"Khalil Mamoon Shisha Retail Store: https://goo.gl/maps/SV13eh32uPu3SaaD6

Jordi Bazar Shop: https://goo.gl/maps/L9cGsVmN5KNukYZS6"
"My Africa Trip Expenses | Ethiopia, Egypt | Food, Flights, Hotels, etc.",4 years ago,956,21K views,"This video gives you a brief idea about my expenses during the Africa trip in September/October 2019.
"
SIDDI PEOPLE OF INDIA | AFRICA TO INDIA | HINDI,4 years ago,31K,565K views,"This video showcases my visit to Jambur village in Talala, Gujarat where I met the Siddi Community (People from East Africa). 
I took a tour of their village and talked with some locals."
HOW AFRICANS LIVE IN INDIA?,4 years ago,98K,4.7M views,"This video showcases my visit to Jambur village in Talala, Gujarat where I met the Siddi Community (People from East Africa). 
I took a tour of their village and talked with some locals."
"TRAVELING TO MINI AFRICA OF INDIA (Jambur, Gujarat) | Hindi",4 years ago,1.8K,46K views,"https://wegotravel.onelink.me/cYro/92...
https://www.wego.co.in
"
Veg Food in EGYPT & Prices | Sim Card | Hindi,4 years ago,10K,394K views,"This video briefly describes the vegetarian food options available in Egypt and their prices. I am also comparing different Telecom operators in Egypt.
"
How Egyptians treat Indian Tourist? | Egypt Nightlife | Hindi,4 years ago,2.5K,75K views,"Follow me on instagram: paramvir_beniwal
Â Â /Â paramvir_beniwalÂ Â "
How Pakistan treats Indian Customers? | Returning from Pakistan (Kartarpur) | Hindi,4 years ago,64K,2.8M views,"Follow me on instagram: paramvir_beniwal
Â Â /Â paramvir_beniwalÂ Â "
How Pakistanis Treat Indian Tourist? ğŸ‡µğŸ‡°ğŸ‡®ğŸ‡³,4 years ago,9.6K,279K views,"Follow me on instagram: paramvir_beniwal
Â Â /Â paramvir_beniwalÂ Â "
KARTARPUR CORRIDOR: Entry & Process | FREE Bus | Fees | Documents | Step by Step,4 years ago,3.5K,120K views,"This video showcases my journey to the Gurdwara Darbar Sahib, Kartarpur (Pakistan) and describes the complete entry process step by step.
"
DelhiğŸ‡®ğŸ‡³to Pakistan ğŸ‡µğŸ‡°(Kartarpur) | Indian in Pakistan,4 years ago,2.8K,83K views,"This video showcases my journey from my home in Delhi to Gurdwara Darbar Sahib Kartarpur (Pakistan).
"
Cairo to Alexandria | Egypt Transport Prices | Eating with Syrians | Hindi,4 years ago,1.1K,27K views,This video briefly describes how did I go to Alexandria from Cairo as I meet my host in Alexandria and eat Arab sweets at a Syrian restaurant. I have also described the prices of Transportation in Egypt.
Longest River Ever: NILE Boat Tour | Hindi,4 years ago,1.1K,25K views,"This video briefly describes how did I take a Felucca ride at the Longest River of the World (Nile River) in Cairo, Egypt and how can you take the same.
"
Price of BEER in Egypt | Secretly trying Egyptian Beer (15% Alc.) | Hindi,4 years ago,1.3K,34K views,"This video showcases my efforts to buy Egyptian beer in Cairo as I taste and review it. 

Follow me on instagram: paramvir_beniwal"
"THE PYRAMIDS OF EGYPT: FACTS, SCAMS & PRICES | Hindi",4 years ago,7.3K,192K views,"This video is about my visit to the Pyramids of Giza in Egypt as I share some interesting facts about the Pyramids and describe how you can get there and how much you have to pay for the entrances.
I can also be noticed explaining how can you avoid getting Scammed there."
First QnA! Expenses? My GF? My Height? My Workout? PASSENGER PARAMVIR,4 years ago,6.4K,119K views,"I answer some of your most commonly asked questions in this video!

"
Addis Ababa to Cairo | Meeting my Friend after 3 years | Hindi,4 years ago,1.1K,26K views,"This video showcases my journey from Addis Ababa (Ethiopia) to Cairo (Egypt) as I fly through Ethiopian Airlines.
"
Egypt Visa | Complete Process | Hindi | Apply through Facebook | Visa Fee | Processing Time,4 years ago,1.1K,37K views,"This video describes the complete process of Egyptian Tourist Visa for Indians.

Egypt Embassy Facebook Page:"
Got my Phone back from Thieves in Ethiopia | Phone Stolen | Hindi,4 years ago,6.6K,183K views,"This video describes how my iPhone was stolen by a thief in Addis Ababa, Ethiopia and how I managed to get it back from their gang in the Slums of Addis Ababa.
"
Indian Food in Ethiopia | No Money left for Bill | Hindi,4 years ago,5.3K,162K views,"This video takes you to an Indian Restaurant in Addis Ababa, Ethiopia where I eat Indian food after a long time.
"
Price of BEER in Ethiopia | Hindi | Indian in Africa,4 years ago,17K,712K views,"This video takes you to a Liquor Shop in Addis Ababa, Ethiopia where I buy Ethiopian Beer and then taste it.
"
Ethiopian Coffee Ceremony | A Local PAID for my Coffee | Indian in Ethiopia | Hindi,4 years ago,2.1K,52K views,"This video takes you to an Ethiopian Coffee Ceremony at a Mall in Addis Ababa, Ethiopia where I describe how the coffee is prepared and served. A local Ethiopian man pays for our coffee as he believes that we are his guests."
"How Expensive is Ethiopia? Price of Milk, Vegetables, Snacks | Hindi",4 years ago,5.3K,162K views,"This video takes you to a Supermarket in Addis Ababa, Ethiopia as I try to find Milk there and compare prices of different products such as Milk, Yogurt, Snacks and Vegetables.
"
"Life of a Tour Guide in Ethiopia, Africa | Ari Tribe Village | Omo Valley",4 years ago,7.3K,194K views,"This video takes you to an Ari Tribe village in Jinka, Ethiopia and later I interview my guide Abreham about how did he become a tour guide in Omo Valley and how much does he earn.
"
AFRICAN TRIBAL MARKET | Beer & Food Market | Part 2 | Indian in Ethiopia | Hindi | Omo Valley,4 years ago,19K,966K views,"PART 2: This video takes you to a Tribal Market in Omo Valley where Banna & Hamar tribes meet and sell things (like animals, cereals,  honey, beer, shoes, butter, coffee, chairs, clothes, etc.), exchange information or news, give invitations to each other for weddings, etc."
TRIBAL MARKET OF AFRICA | Indian in Ethiopia | Hindi | Hamar & Banna Tribes | Omo Valley,4 years ago,20K,1M views,"PART 1: This video takes you to a Tribal Market in Omo Valley where Banna & Hamar tribes meet and sell things (like animals, cereals,  honey, beer, shoes, butter, coffee, chairs, clothes, etc.), exchange information or news, give invitations to each other for weddings, etc."
HOW AFRICANS TREAT INDIANS? | Ethiopian Hospitality | Indian with Ethiopian Family,4 years ago,36K,923K views,"So I met a guy named ""Soloman"" at my hotel in Jinka while playing Snooker (Orit Hotel, Jinka, Ethiopia).
We had a small chat for some minutes and he invited me Lunch at his home on the next aft"
Indian vs. African | What Africans think about India? | Hindi,4 years ago,54K,1.6M views,"This video showcases my Arm wrestling match at a Local African Gym in Jinka, Ethiopia and I ask local people about what they think or know about India/Indians.
"
"Africa's Most Addictive Drug ""KHAT"" | Indian in Ethiopia | Hindi",4 years ago,4.1K,150K views,"This video showcases my experience of trying the African Drug Leaves, ""Chat"" (or ""Khat"") in Ethiopia as my guide explains the process to chew it.
"
"TRIBAL LIFE OF AFRICA | Hamar Tribe, Omo Valley",4 years ago,Subscribed,409K views,10K
Inside the Life of World's Most Dangerous Tribe | Mursi People | Omo Valley | Hindi,4 years ago,148K,5.6M views,"This video is really special as it showcases the lifestyle of one of the Most dangerous tribes of the World (Mursi Tribe) at the Omo Valley in South Ethiopia as go to one of their villages in Omo Valley. 
"
Indian Works out with Africans | Hindi,4 years ago,11K,376K views,"This video showcases my workout in a small village in South Ethiopia (Africa) with some Africans at a local self made gym.
"
Ethiopia by Bus | Addis Ababa to Jinka (Omo Valley),4 years ago,8.7K,317K views,"This videos showcases my journey from Addis Ababa (Capital of Ethiopia) to a small town called Jinka near the Omo Valley in the South of Ethiopia.
"
It's not 2019 in ETHIOPIA! Strange Calendar!,4 years ago,1.1K,34K views,"This video explains how the Ethiopian people calculate date and time and describes the Ethiopian calendar.
"
Delhi to Addis Ababa | Ethiopian Airlines | Indian in Africa,4 years ago,3.3K,148K views,"This vlog showcases my journey from IGI Airport, Delhi to Bole International Airport, Addis Ababa, Ethiopia as I fly from Ethiopian Airlines and review it.
"
Ethiopia Visa Process | E-Visa | Visa on Arrival | Hindi,4 years ago,711,21K views,"This video briefly describes the process to get an Ethiopian Visa for Indians.
E-Visa, Visa on Arrival and Visa from Embassy are all covered in the video.
"
Yellow Fever & Polio Vaccines before travelling to Africa/South America | Hindi,4 years ago,1.2K,61K views,"This video briefly describes the process and importance of Yellow fever and Polio Vaccines before travelling to Africa and South America and how can you get them done.
"
FIRST YOUTUBE PAYMENT | How much can you earn on Youtube? Explained.,4 years ago,10K,184K views,"This video briefly describes my first earning from YouTube with proof and how much money exactly can you make from YouTube. No Bakwaas!
"
UK Visa for 2 Years with Cycle Baba | Everything about UK Tourist Visa,4 years ago,729,14K views,"This video covers the process for UK Tourist Visa as our guest Cycle Baba (World Bicycle Traveller) shares his experience.
"
US Customs & Immigration Questions at Airport | Avoid Deportation | Hindi,4 years ago,14K,657K views,"This video briefly describes the common Questions asked by USA Immigration & Customs officers after landing at the Airport.
"
How much Bags/Luggage is allowed in a Flight? Baggage Rules | What should you not carry?,5 years ago,5.5K,350K views,"This videos briefly describes how much Baggage/Luggage is allowed in a Domestic or an International Airplane Flight and also what all things you should and should not carry.
"
"My Russia & Kazakhstan Trip Expense | Flights, Hotel, Visa, Food",5 years ago,1.3K,34K views,"This video features my expenses during my recent trip to Russia and Kazakhstan and how you can save more and travel with less money.
"
Top 5 Visa Free Countries | Nightlife | Flights | Local Prices | Free Entry | Hindi,5 years ago,1K,21K views,"This video features the Top 5 Countries where Indians can travel without Visa. Detailed description of flight prices, local prices, attractions, nightlife and affordability is also provided in the video.
"
Europe SCHENGEN VISA Process | How to Apply | Documents | Step by step guide | Hindi,5 years ago,4K,107K views,"This video explains in detail the complete process of applying European Schengen Tourist Visa for Indians in Hindi.
"
Intercepted by Police at Istanbul Airport | Things not to carry | Turkey Immigration | Hindi,5 years ago,3.3K,81K views,"This video is about how and why was I stopped and questioned by the Ataturk Airport Security at Istanbul Airport.
"
"Hiking with my Russian Friends in Kuznechnoye, Russia | Hindi",5 years ago,5.2K,126K views,"This video covers my hiking journey with some Russian friends near the forests of a Russian village called Kuznechnoye (3 hrs by train from St. Petersberg).
"
Kazakhstan Travel Guide | Prices | Visa | Flights | Places (Hindi),5 years ago,3.3K,125K views,"This Video is about Kazakhstan and for those planning to travel on a budget to a good country. The video covers Visa process, Flights, Prices, Languages in Kazakhstan, etc. in detail.
"
Single vs Multiple Entry Tourist Visa | Hindi | Passenger Paramvir,5 years ago,535,22K views,"Difference between Single and Multiple Entry Tourist Visa.
If you have any questions, you can ask in the comments or message me on my Instagram.
"
How I got Russian Visa 2hrs before my Flight | My Visa Experience | IFS & Russian Embassy,5 years ago,518,13K views,"How I got my Russian Visa 2hrs before the departure of my flight from Russian Embassy in Delhi.

Link to my video on Russia Visa process, Documents required, Visa fee, Invitation letter, Pro"
Surprise visit to my Friends in Turkey!,5 years ago,789,17K views,"This videos describes how I intentionally missed my connecting flight in Istanbul and planned a sudden visit to my friends in Turkey to surprise them!
"
RUSSIA VISA FULL & EASY PROCESS | INVITATION | FEE | DOCUMENTS,5 years ago,1.3K,42K views,"Get Russian Visa in 3 days. Visa process explained in detail along with Documents required, Visa fee, Invitation letter, Processing time and Tips.
"
10$ Hotel in KAZAKHSTAN - Cheapest country for INDIANS? ğŸ‡°ğŸ‡¿,5 years ago,663,18K views,"This Vlog features my Capsule Hotel in Astana, Kazakhstan and the Open Gym outside the Hotel. I paid something around Rs. 700-750 for my Capsule room per night at the Hotel.
Astana is a really cheap city compared to other Capital cities of the world and I will soon upl"
Get USA Visa for 10years | à¤¹à¤¿à¤‚à¤¦à¥€ | Visa Process | Interview | Documents | Interview Qs,5 years ago,28K,1M views,Detailed process of how to get USA Multiple Entry Tourist Visa for Indians &  how I got a 10 Year Multiple Entry USA Visa. Some Visa questions and tips to make your application stronger are also mentioned. 
AmazonBasics 75Litres Hiking Backpack Review | English | Best Hiking Backpack,5 years ago,907,31K views,"Detailed review of AmazonBasics 75Litres Hiking Backpack in English.

Buy AmazonBasics 75L Hiking Backpack : https://amzn.to/2Rlm5sF"
Europe in 2 mins | Journey of a Lifetime - My Trip | Cities you must go,5 years ago,995,26K views,"This video features some of the famous places in Europe from my Europe tour.
Subscribe to see some travel vlogs & hacks and to get tips for budget travelling!
"
How to NOT get SCAMMED while Travelling? Taxi hacks in Kazakhstan ğŸ‡°ğŸ‡¿ | à¤¹à¤¿à¤‚à¤¦à¥€,5 years ago,2.6K,58K views,"The videos teaches that how can you avoid Taxi scams & frauds when you are in a Foreign country/city.
"
